-- Generation time: Sat, 03 Oct 2020 20:24:00 +0000
-- Host: mysql.hostinger.ro
-- DB name: u574849695_24
/*!40030 SET NAMES UTF8 */;
/*!40101 SET @OLD_CHARACTER_SET_CLIENT=@@CHARACTER_SET_CLIENT */;
/*!40101 SET @OLD_CHARACTER_SET_RESULTS=@@CHARACTER_SET_RESULTS */;
/*!40101 SET @OLD_COLLATION_CONNECTION=@@COLLATION_CONNECTION */;
/*!40103 SET @OLD_TIME_ZONE=@@TIME_ZONE */;
/*!40103 SET TIME_ZONE='+00:00' */;
/*!40014 SET @OLD_UNIQUE_CHECKS=@@UNIQUE_CHECKS, UNIQUE_CHECKS=0 */;
/*!40014 SET @OLD_FOREIGN_KEY_CHECKS=@@FOREIGN_KEY_CHECKS, FOREIGN_KEY_CHECKS=0 */;
/*!40101 SET @OLD_SQL_MODE=@@SQL_MODE, SQL_MODE='NO_AUTO_VALUE_ON_ZERO' */;
/*!40111 SET @OLD_SQL_NOTES=@@SQL_NOTES, SQL_NOTES=0 */;

DROP TABLE IF EXISTS `PRODUTO`;
CREATE TABLE `PRODUTO` (
  `Codigo` int(11) NOT NULL,
  `Descricao` varchar(45) COLLATE utf8_unicode_ci NOT NULL,
  `PrecoUnitario` float NOT NULL,
  PRIMARY KEY (`Codigo`)
) ENGINE=InnoDB DEFAULT CHARSET=utf8 COLLATE=utf8_unicode_ci;

INSERT INTO `PRODUTO` VALUES ('1','Molestiae adipisci minus.','9.81'),
('2','Inventore expedita sed ex.','27.85'),
('3','Sequi accusamus deserunt.','3.05'),
('4','Dolores aspernatur non est.','13.37'),
('5','Eos sint vitae.','17.95'),
('6','Id itaque.','21.93'),
('7','Illum sint voluptatum.','4.89'),
('8','Laudantium laborum distinctio.','28.72'),
('9','Corporis enim ut.','3.05'),
('10','Itaque ipsum illum distinctio.','23.62'),
('11','Autem animi aperiam itaque.','15.65'),
('12','Non provident non sapiente soluta.','12.76'),
('13','Aut soluta et.','6.95'),
('14','Nihil est officiis similique.','7.82'),
('15','Expedita quia nemo.','27.2'),
('16','Tenetur voluptate possimus omnis blanditiis.','29.55'),
('17','Laudantium commodi.','18.16'),
('18','Quis architecto corrupti soluta.','9.52'),
('19','Veritatis rerum iure praesentium.','3.97'),
('20','Asperiores fugiat nostrum.','6.96'),
('21','Dolore eos porro facilis.','5.99'),
('22','Officiis sint et.','6.54'),
('23','Optio ex magnam.','18.38'),
('24','Reiciendis pariatur quisquam quis quia.','9.51'),
('25','Fugiat ab omnis.','19.84'),
('26','Dolores et ut eos non.','23.65'),
('27','Autem facilis illum nesciunt.','10.51'),
('28','Earum ipsum nulla praesentium veritatis.','24.52'),
('29','Id explicabo odit.','1.1'),
('30','Incidunt ab voluptatum laborum iure.','25.37'),
('31','Hic sed quo.','26.85'),
('32','Omnis impedit minima repudiandae.','12.15'),
('33','Incidunt tenetur.','9.98'),
('34','Architecto consequatur qui deleniti.','15.74'),
('35','Vitae voluptatem eius.','17.29'),
('36','Quo enim est.','28.49'),
('37','Voluptas eaque impedit.','10.17'),
('38','Assumenda eveniet sit sint.','16.5'),
('39','Voluptatem fuga eius ut.','14.61'),
('40','Qui sed esse.','4.86'),
('41','Ea quos distinctio ea.','7.87'),
('42','Recusandae voluptatem asperiores incidunt.','14.21'),
('43','Et recusandae.','23.71'),
('44','Temporibus assumenda unde.','18.43'),
('45','Recusandae et voluptas.','24.36'),
('46','Officia sit enim dolorem.','29.01'),
('47','Earum optio eaque voluptas dolorum.','8.83'),
('48','Modi impedit saepe beatae.','18.83'),
('49','Sit ut amet cupiditate.','24.42'),
('50','Dolores corporis cumque quibusdam.','19.03'),
('51','Officiis aut quo.','5.57'),
('52','Vitae similique cum.','7.57'),
('53','Vero quo tempore natus.','19.8'),
('54','Non possimus dolores.','18.03'),
('55','Debitis iste ea quaerat.','6.07'),
('56','Aut quia quibusdam.','20.34'),
('57','Blanditiis quis tempora vero.','20.38'),
('58','Ducimus sed consectetur quia est.','5.12'),
('59','Aliquid excepturi.','25.77'),
('60','Blanditiis rerum.','17.57'),
('61','Nihil aut necessitatibus distinctio.','5.91'),
('62','Eaque et commodi.','7.56'),
('63','Et et qui.','27.78'),
('64','Cupiditate tempore est alias.','16.29'),
('65','Eligendi reiciendis quis.','11.87'),
('66','Unde eveniet qui.','15.07'),
('67','Voluptatibus voluptatem autem fugiat.','25.5'),
('68','Sequi nemo animi fugiat.','1.08'),
('69','Rerum aliquid id eaque.','26.53'),
('70','Rerum tempora repellendus.','6.16'),
('71','Culpa fugit earum.','16.53'),
('72','Qui quis labore.','16.81'),
('73','Modi deserunt est adipisci sequi.','17.36'),
('74','Ipsa sit ut.','20.44'),
('75','Delectus corporis laudantium.','15.11'),
('76','Numquam cupiditate unde at.','20.16'),
('77','Quibusdam porro id repudiandae.','20.27'),
('78','Ab omnis assumenda.','21.44'),
('79','Corporis voluptates aut laboriosam.','13.92'),
('80','Iusto eum ad quisquam.','26.74'),
('81','Quisquam itaque iusto laudantium.','18.1'),
('82','Ducimus vel expedita porro.','27.75'),
('83','Sed nisi.','13.58'),
('84','Quidem at est voluptatibus.','27.31'),
('85','Distinctio et dolores.','26.52'),
('86','Sit non eveniet quidem.','16.41'),
('87','Quod perferendis repellendus repudiandae corr','19.83'),
('88','Sed esse dolores.','8.37'),
('89','Fugit molestias qui quaerat.','15.83'),
('90','Reprehenderit aperiam qui.','22.28'),
('91','Sapiente dolor tempora sapiente.','5.57'),
('92','Iste labore consequuntur.','7.5'),
('93','Eum sunt quam.','23.76'),
('94','Quidem doloremque inventore.','17.7'),
('95','Cupiditate sit sed.','11.02'),
('96','Expedita autem qui.','13.99'),
('97','Quibusdam hic aperiam beatae.','21.4'),
('98','Facere molestiae et vitae.','14.85'),
('99','Dolorem ut nam quo.','26.83'),
('100','Possimus quasi et est.','26.58'); 




/*!40101 SET SQL_MODE=@OLD_SQL_MODE */;
/*!40014 SET FOREIGN_KEY_CHECKS=@OLD_FOREIGN_KEY_CHECKS */;
/*!40014 SET UNIQUE_CHECKS=@OLD_UNIQUE_CHECKS */;
/*!40101 SET CHARACTER_SET_CLIENT=@OLD_CHARACTER_SET_CLIENT */;
/*!40101 SET CHARACTER_SET_RESULTS=@OLD_CHARACTER_SET_RESULTS */;
/*!40101 SET COLLATION_CONNECTION=@OLD_COLLATION_CONNECTION */;
/*!40111 SET SQL_NOTES=@OLD_SQL_NOTES */;

-- Generation time: Sat, 03 Oct 2020 20:25:15 +0000
-- Host: mysql.hostinger.ro
-- DB name: u574849695_24
/*!40030 SET NAMES UTF8 */;
/*!40101 SET @OLD_CHARACTER_SET_CLIENT=@@CHARACTER_SET_CLIENT */;
/*!40101 SET @OLD_CHARACTER_SET_RESULTS=@@CHARACTER_SET_RESULTS */;
/*!40101 SET @OLD_COLLATION_CONNECTION=@@COLLATION_CONNECTION */;
/*!40103 SET @OLD_TIME_ZONE=@@TIME_ZONE */;
/*!40103 SET TIME_ZONE='+00:00' */;
/*!40014 SET @OLD_UNIQUE_CHECKS=@@UNIQUE_CHECKS, UNIQUE_CHECKS=0 */;
/*!40014 SET @OLD_FOREIGN_KEY_CHECKS=@@FOREIGN_KEY_CHECKS, FOREIGN_KEY_CHECKS=0 */;
/*!40101 SET @OLD_SQL_MODE=@@SQL_MODE, SQL_MODE='NO_AUTO_VALUE_ON_ZERO' */;
/*!40111 SET @OLD_SQL_NOTES=@@SQL_NOTES, SQL_NOTES=0 */;

DROP TABLE IF EXISTS `QUARTO`;
CREATE TABLE `QUARTO` (
  `Codigo` int(11) NOT NULL,
  `NumeroCamas` int(11) NOT NULL,
  `PrecoDiaria` float NOT NULL,
  PRIMARY KEY (`Codigo`)
) ENGINE=InnoDB DEFAULT CHARSET=utf8 COLLATE=utf8_unicode_ci;

INSERT INTO `QUARTO` VALUES ('1','1','60'),
('2','1','100'),
('3','2','80'),
('4','1','110'),
('5','2','100'),
('6','3','80'),
('7','2','300'),
('8','2','60'),
('9','3','110'),
('10','1','60'),
('11','3','110'),
('12','3','110'),
('13','1','150'),
('14','1','100'),
('15','1','60'),
('16','1','110'),
('17','1','110'),
('18','2','100'),
('19','3','100'),
('20','2','100'); 




/*!40101 SET SQL_MODE=@OLD_SQL_MODE */;
/*!40014 SET FOREIGN_KEY_CHECKS=@OLD_FOREIGN_KEY_CHECKS */;
/*!40014 SET UNIQUE_CHECKS=@OLD_UNIQUE_CHECKS */;
/*!40101 SET CHARACTER_SET_CLIENT=@OLD_CHARACTER_SET_CLIENT */;
/*!40101 SET CHARACTER_SET_RESULTS=@OLD_CHARACTER_SET_RESULTS */;
/*!40101 SET COLLATION_CONNECTION=@OLD_COLLATION_CONNECTION */;
/*!40111 SET SQL_NOTES=@OLD_SQL_NOTES */;

-- Generation time: Sat, 03 Oct 2020 20:28:19 +0000
-- Host: mysql.hostinger.ro
-- DB name: u574849695_24
/*!40030 SET NAMES UTF8 */;
/*!40101 SET @OLD_CHARACTER_SET_CLIENT=@@CHARACTER_SET_CLIENT */;
/*!40101 SET @OLD_CHARACTER_SET_RESULTS=@@CHARACTER_SET_RESULTS */;
/*!40101 SET @OLD_COLLATION_CONNECTION=@@COLLATION_CONNECTION */;
/*!40103 SET @OLD_TIME_ZONE=@@TIME_ZONE */;
/*!40103 SET TIME_ZONE='+00:00' */;
/*!40014 SET @OLD_UNIQUE_CHECKS=@@UNIQUE_CHECKS, UNIQUE_CHECKS=0 */;
/*!40014 SET @OLD_FOREIGN_KEY_CHECKS=@@FOREIGN_KEY_CHECKS, FOREIGN_KEY_CHECKS=0 */;
/*!40101 SET @OLD_SQL_MODE=@@SQL_MODE, SQL_MODE='NO_AUTO_VALUE_ON_ZERO' */;
/*!40111 SET @OLD_SQL_NOTES=@@SQL_NOTES, SQL_NOTES=0 */;

DROP TABLE IF EXISTS `HOSPEDE`;
CREATE TABLE `HOSPEDE` (
  `CPF` int(11) NOT NULL,
  `Nome` varchar(45) COLLATE utf8_unicode_ci NOT NULL,
  `Telefone` varchar(15) COLLATE utf8_unicode_ci NOT NULL,
  `Logradouro` varchar(45) COLLATE utf8_unicode_ci NOT NULL,
  `DataNascimento` date NOT NULL,
  `Cidade` varchar(45) COLLATE utf8_unicode_ci NOT NULL,
  `Estado` varchar(30) COLLATE utf8_unicode_ci NOT NULL,
  PRIMARY KEY (`CPF`)
) ENGINE=InnoDB DEFAULT CHARSET=utf8 COLLATE=utf8_unicode_ci;

INSERT INTO `HOSPEDE` VALUES ('1000779173','Norris Howell','(980)067-3434x1','8376 Kirlin Forge Apt. 645','1973-03-27',' Santa Barbara','MG'),
('1001312741','Titus Shanahan','05068517449','9867 Nichole Point','1986-01-20',' Santa Barbara','MG'),
('1002655383','Prof. Harmony Little IV','1-907-797-2830','567 Brook Mission','1977-04-05','Mariana','MG'),
('1003104581','Prof. Abby Goyette I','1-605-253-4853','0853 Brandi Rue Suite 094','1980-11-28','Itabira','MG'),
('1004123024','Sylvia Oberbrunner I','1-409-005-1668','0073 Dare Overpass','2007-08-31','Joao Monlevade','MG'),
('1004301920','Ova Mayer','311-955-6041x07','8763 Reilly Gardens Suite 770','1986-11-24',' Santa Barbara','MG'),
('1005732530','Oleta Kozey','05199714267','86116 Gutmann Pines Suite 044','1975-10-16','Timoteo','MG'),
('1007136101','Talon Roob','267.563.2261','74176 Considine Lights','1991-03-03','Ipatinga','MG'),
('1007224663','Maymie Schultz','+63(9)054978273','54846 Reynold Vista','2002-10-08','Ipatinga','MG'),
('1007335287','Jaylan Greenholt','284-405-4485x31','41059 Rau Key','1998-04-28','Joao Monlevade','MG'),
('1007608003','Estevan Lynch II','664-129-2030','74294 Dillan Creek','2004-01-19','Belo Horionte','MG'),
('1009106790','Raul Gleason','782-626-4489x90','721 Joey Mews','1973-07-20','Ipatinga','MG'),
('1009295096','Dr. America Olson Sr.','(733)566-2036','7135 Percy Shoal Suite 856','2002-11-21','Joao Monlevade','MG'),
('1010074352','Mr. Marty Lakin','1-493-332-1616x','324 Roderick Shoals Suite 710','1987-12-15','Itabira','MG'),
('1013239147','Reuben Von','365.195.5485x11','98959 Amanda Pike','2001-06-21','Joao Monlevade','MG'),
('1013355027','Justina Lueilwitz','653.342.1940x14','09309 Bins Inlet Suite 427','1990-03-13','Joao Monlevade','MG'),
('1013907072','Hallie Green','+63(1)328073739','93296 Carter Plains','1971-07-02','Itabira','MG'),
('1014015388','Graciela Stehr MD','459-311-8471x62','41862 Hintz Unions','2008-10-28','Mariana','MG'),
('1014335474','Emmett Gleason','+55(4)087253485','5171 Winona Orchard','1983-02-17',' Santa Barbara','MG'),
('1015086612','Mrs. Ashlee Monahan II','119-925-5596','0731 Kyra Green','1995-02-28','Conselheiro Lafaeite','MG'),
('1016108199','Kaycee Rath','(410)550-4337x1','8032 Jadon Plaza','2008-01-07','Timoteo','MG'),
('1017126548','Lois Upton','796-697-8839x90','2074 Nikolaus Harbor Suite 541','2011-09-10','Timoteo','MG'),
('1017953158','Hiram Hessel','662.803.2249x18','0614 D\'Amore Cape','1975-10-08','Belo Horionte','MG'),
('1018483480','Mr. Everett Ruecker Sr.','(192)072-7028x0','355 Conroy Common','2016-02-28','Joao Monlevade','MG'),
('1019284661','Prof. Kristin Schoen II','467.608.5856','7281 Orion Avenue Suite 919','1991-01-26','Itabira','MG'),
('1021893836','Margarette Hilll','06435011998','83669 Skiles Shores','1999-12-09','Belo Horionte','MG'),
('1023497952','Isobel Beahan','(184)022-7936x0','335 Maggio Fall','2007-04-16','Itabira','MG'),
('1025143347','Mr. Stephon Volkman','(224)412-3715','048 Norbert Mission Suite 249','1979-02-09','Itabira','MG'),
('1027827832','Kaela Dietrich','1-320-791-5085x','56804 Nitzsche Mountains','1978-03-01','Itabira','MG'),
('1028310499','Khalid Keeling','004-315-6094x73','182 Pamela Turnpike','2005-01-13','Joao Monlevade','MG'),
('1028660544','Dr. Randi Cartwright III','747-293-2038','960 Gwendolyn Islands','2010-08-11','Itabira','MG'),
('1031180357','Billie Berge','(845)359-0395','9903 Jody Fort Suite 291','1972-05-29','Belo Horionte','MG'),
('1031938300','Karina Yost','(666)651-3350','2045 Hills Roads','2000-08-15','Ipatinga','MG'),
('1032150516','Prof. Ulices Hartmann','264-255-2883','90384 Lisandro Villages Apt. 087','1993-06-05','Belo Horionte','MG'),
('1032966520','Dale Hauck','(449)139-5503','611 Collins Greens Suite 318','2006-02-06','Ipatinga','MG'),
('1033410662','Prof. Sigmund Schowalter III','937.307.8570x19','6657 Donato Greens Apt. 054','1985-08-01','Itabira','MG'),
('1036287543','Aubrey Ward','+05(4)835162109','319 Abbott Mall Suite 526','1997-11-11','Itabira','MG'),
('1036688341','Gudrun Brekke','718-701-4670x77','39420 Collier Corners','2010-01-08','Joao Monlevade','MG'),
('1037558084','Tessie Mann V','521.918.1511','308 Genesis Stravenue','1986-06-01','Ipatinga','MG'),
('1038739731','Alyson Bahringer','098.599.4101','561 Carroll Creek Apt. 463','1971-04-24','Joao Monlevade','MG'),
('1038856405','Dr. Ayden Hoeger','883.902.4904','76739 Kshlerin Cliffs','2011-07-18','Ipatinga','MG'),
('1039275905','Immanuel Frami','(846)102-0459x9','951 Casper Underpass Suite 019','2017-03-01','Joao Monlevade','MG'),
('1039410804','Abigale Ondricka','(697)068-1548','47538 Creola Ville','2015-06-16','Joao Monlevade','MG'),
('1039653954','Pattie Moen','(628)913-9603','65289 Caterina Centers','2007-05-28',' Santa Barbara','MG'),
('1039968460','Alene Jenkins','1-996-738-1130x','7844 Hilton Alley','2006-06-15','Ouro Preto','MG'),
('1041020475','Shannon Jaskolski','(845)063-8857x6','58088 Corkery Lakes Apt. 152','1974-09-25',' Santa Barbara','MG'),
('1041691664','Rodolfo Tremblay','+44(9)011350499','2660 Brown Flat Suite 988','2014-08-14','Joao Monlevade','MG'),
('1043710212','Prof. Haleigh Ullrich','946-422-5595x37','2089 Olson Expressway','2003-10-09','Ipatinga','MG'),
('1046093603','Meghan Bayer','317.010.8149x68','1480 Cremin Rest Apt. 133','1996-10-05','Itabira','MG'),
('1046366424','Enrique Littel','(430)023-9368','50766 Senger Harbors','1972-12-19','Ipatinga','MG'),
('1047021409','Leo Kautzer V','186-943-8033','08032 Bode Fords Apt. 387','1977-07-03','Ipatinga','MG'),
('1048655754','Eileen Gutkowski','05941862853','1104 Velda Square','2014-03-07','Ipatinga','MG'),
('1048854377','Adelia Hauck','416.487.2057','4785 Hills Overpass','1989-02-16','Itabira','MG'),
('1049863970','Trystan Hilpert','1-185-838-1137x','526 Kenton Fork','1974-08-01','Ipatinga','MG'),
('1050047514','Miss Magnolia O\'Keefe','511.277.0827','19344 Judah Drive Suite 201','1995-03-03','Ipatinga','MG'),
('1050604143','Dr. Amparo Hyatt Jr.','338-010-7873x84','99748 Rohan Extensions','1977-11-14',' Santa Barbara','MG'),
('1051608062','Lula Champlin','970-662-6550x13','838 O\'Kon Burgs','1982-08-11','Itabira','MG'),
('1052403505','Howard Larkin','047-045-2213','89314 Alayna Rue Apt. 875','2017-01-16','Ouro Preto','MG'),
('1052932536','Georgette Dibbert','1-058-056-2853x','088 Johathan Garden','2015-05-12','Joao Monlevade','MG'),
('1052986392','Bertha Schneider','148.396.5585x44','81687 Sven Curve Apt. 414','1994-11-01','Joao Monlevade','MG'),
('1053153176','Casey Rowe Jr.','+67(2)298224614','7808 McClure Trafficway','1981-12-12','Joao Monlevade','MG'),
('1054135343','Conner Rodriguez','(808)628-3384x4','8820 Lue Ports Apt. 647','1995-07-22','Ipatinga','MG'),
('1054273732','Mrs. Brigitte Dicki II','(325)163-6541x6','896 Toy Ramp Suite 959','2002-04-29','Joao Monlevade','MG'),
('1055389823','Johnnie Koepp','247-627-7418','54924 Jerald Fields','2017-05-14','Belo Horionte','MG'),
('1059314396','Vickie Leffler','01400447013','31341 Kemmer Glens','1970-10-20','Joao Monlevade','MG'),
('1061023064','Richie Medhurst','+15(6)693309049','48214 Shanna View','1986-04-22','Belo Horionte','MG'),
('1061130511','Calista Denesik','(776)643-2662x7','3431 Jones Hills','1987-01-09','Ipatinga','MG'),
('1061567261','Prof. Kasandra O\'Reilly','1-628-123-4433','66611 Lonie Inlet Suite 320','2007-02-11','Itabira','MG'),
('1063040494','Prof. Genevieve Kling','649-564-8129x06','182 Marty Ridge Suite 023','2000-07-04','Belo Horionte','MG'),
('1064090002','Deshawn Johnson','(110)844-0546','09603 Donato Courts','1982-11-08','Conselheiro Lafaeite','MG'),
('1064144593','Adalberto Mraz','975-318-1896','148 Glover Harbors','2018-05-18','Joao Monlevade','MG'),
('1064587901','Cruz Mosciski','191.256.4133x26','7878 Ankunding Falls Apt. 516','2003-11-20','Itabira','MG'),
('1066659893','Ms. Erika Streich IV','(978)653-6594x6','35440 Grady Fords Apt. 863','2015-05-12','Belo Horionte','MG'),
('1068838591','Hardy Welch','640-088-7187x78','9485 Little Plaza','1990-12-30','Mariana','MG'),
('1069365229','Alfonzo Orn','+13(1)956233616','4618 Catalina Cove Suite 188','1987-04-12','Joao Monlevade','MG'),
('1070747099','Alexander O\'Connell Jr.','1-634-164-0427x','54471 Cummerata Valley','2001-03-18','Joao Monlevade','MG'),
('1071878680','Gennaro Schmeler','02613563288','21704 Wisozk Estate Suite 744','1999-10-07','Itabira','MG'),
('1072131558','Tamia Dicki MD','512-332-9638','0453 Kreiger Spurs Suite 843','1989-05-24','Itabira','MG'),
('1073945744','Grayce Klocko','(775)762-1301x3','9770 Bartell Route Apt. 219','1996-09-16','Ipatinga','MG'),
('1075083173','Alana Torp','(463)927-5495x4','8012 Parisian Parks','2001-03-28','Ipatinga','MG'),
('1077861096','Duane Predovic','976-248-7975x24','82969 Murazik Views Apt. 430','1974-05-30','Ipatinga','MG'),
('1078183714','Hermina Mayert','200.173.5138','286 Casper Centers Apt. 840','1997-02-17','Ipatinga','MG'),
('1078463305','Mr. Gregg Emmerich DDS','+82(5)685751051','542 Wilma Squares Apt. 773','1970-06-28','Itabira','MG'),
('1078669692','Claud Cartwright','+88(1)302590019','95626 Deontae Squares Suite 375','2000-01-12','Ipatinga','MG'),
('1080800795','Cordia Goyette MD','1-058-261-1269x','6335 Alicia Ford Apt. 599','2010-01-07','Itabira','MG'),
('1082757695','Dr. Hayden Watsica','057.090.4771x36','25987 Maximus Cape Suite 878','2008-12-14','Conselheiro Lafaeite','MG'),
('1084296122','Crawford Turner','+86(9)105226922','6211 Streich Parkway','2010-05-07','Ipatinga','MG'),
('1085140936','Karli Rempel','1-756-156-3455','1100 Lavon Gateway','1992-07-01','Ipatinga','MG'),
('1085873993','Ike Brakus','259.144.9284','66334 Schimmel Dam Apt. 459','1982-10-07','Mariana','MG'),
('1086413088','Ericka Lowe','989-597-7771x99','731 Doyle Parkways Suite 920','2018-04-13','Itabira','MG'),
('1088272319','Estelle Ortiz','289-316-2709x26','3047 Lehner Divide','2013-12-18','Ipatinga','MG'),
('1093415562','Mittie Hoeger','+03(4)101063791','631 Nitzsche Groves','1983-09-13','Timoteo','MG'),
('1093508397','Miss Nyah Kub IV','656-147-1115x44','75273 Else Way','1992-09-16','Ouro Preto','MG'),
('1093529465','Charity Paucek','(791)197-0717x3','1543 Alaina Drive','2017-01-30','Joao Monlevade','MG'),
('1096060919','Eveline Ebert PhD','+69(6)123120348','20406 Oberbrunner Valleys Suite 207','2015-01-12',' Santa Barbara','MG'),
('1096518572','Lura Bode','012.346.9375x11','1032 Kaylah Place','1989-09-19','Conselheiro Lafaeite','MG'),
('1097551312','Efrain Hahn','176.126.6655','346 Schuster Crescent','1988-04-19','Itabira','MG'),
('1099173976','Viola Smitham','1-221-633-4687x','11210 Robyn Stravenue Apt. 845','2017-12-09','Ipatinga','MG'),
('1102230588','Wallace Torphy','564-977-0128','391 Shad Squares Suite 147','1984-08-20','Conselheiro Lafaeite','MG'),
('1103035670','Dr. Sam Rogahn','769-525-2654x85','43126 Zelda Springs','1970-02-05','Ipatinga','MG'),
('1103970445','Dr. Otto Walter PhD','1-699-299-8508x','603 Haven Isle','2018-03-10','Mariana','MG'),
('1105738324','Darius Wyman I','036.898.2672','0532 Kessler Stravenue Suite 680','1973-02-11','Joao Monlevade','MG'),
('1106164610','Vicenta Rau III','758.492.2144x65','9159 Filomena Walks','2016-02-13','Itabira','MG'),
('1107608005','Kadin Beer','1-778-321-1907x','3801 Kiehn Coves','2015-09-15','Joao Monlevade','MG'),
('1108732957','Jasper Brekke','(762)353-7354x8','300 Jammie Wall','1984-08-19','Timoteo','MG'),
('1108940844','Eldora Kunde DVM','+25(1)690907958','29005 Feeney Shoals','2017-01-28','Joao Monlevade','MG'),
('1109133308','Judd Boyer','04465878608','53708 Schultz Walk Suite 816','1980-11-20','Joao Monlevade','MG'),
('1111620919','Zander Emmerich I','(773)311-5270x7','91122 Demond Loaf','2003-07-06','Itabira','MG'),
('1112549075','Lindsay Rolfson','(891)861-2412','549 Schowalter Route','2004-01-09','Timoteo','MG'),
('1114859504','Ernie Osinski','081.643.2528','068 Ashlee Extension','1997-02-09','Ipatinga','MG'),
('1115360511','Miss Clara Treutel','1-796-896-4884x','52231 Farrell Club','1978-11-21','Itabira','MG'),
('1115627627','Dr. Jace Deckow PhD','469-421-0761','3480 Kertzmann Forks','1981-06-06','Itabira','MG'),
('1118565389','Juliet Zboncak','1-784-793-9183x','8524 Kendrick Knoll Suite 253','2018-02-22','Itabira','MG'),
('1118667533','Mr. Eugene Kemmer DVM','1-268-781-2356x','4517 Aufderhar Trail','2016-11-11','Ipatinga','MG'),
('1120293393','Miss Gladyce Hirthe III','1-181-694-7710','577 Jacky Trail','1970-12-10','Ouro Preto','MG'),
('1120586246','Garret Ondricka','1-703-117-4350x','2400 Emerson Creek','2012-06-01','Joao Monlevade','MG'),
('1121254164','Cleveland Wilkinson','569-489-5540x98','175 Leopold Spur Apt. 734','2011-10-05','Joao Monlevade','MG'),
('1121436642','Keely Gutkowski','533.510.3049x07','0533 Alisa Ports Apt. 458','2014-07-08','Itabira','MG'),
('1121476410','Onie Kuhic','(463)803-5649x4','438 Alejandra Manors','1970-03-29','Joao Monlevade','MG'),
('1123224480','Dr. Delphia Tremblay DVM','873-151-2791x70','0223 D\'Amore Hollow','1987-01-06','Timoteo','MG'),
('1124014438','Prof. Retha Gorczany I','+98(0)643773283','63445 Audie Manor','1989-06-12','Itabira','MG'),
('1125833517','Tyler Abbott','876-185-0018','22980 McLaughlin Lane','2010-09-24','Mariana','MG'),
('1125921269','Norma O\'Kon','(883)904-1896','63750 Kshlerin Shore','2018-09-23','Ipatinga','MG'),
('1126625367','Ms. Clare Runte Jr.','024-040-7096x65','104 Timmothy Throughway Suite 808','1983-10-04','Joao Monlevade','MG'),
('1126699961','Yolanda Watsica','(063)434-0477','6437 Eichmann Streets Suite 564','1997-12-14','Belo Horionte','MG'),
('1126795224','Roberta Bartoletti I','643.981.9101','83201 Asha Points Apt. 882','1992-12-22','Belo Horionte','MG'),
('1127444228','Kiera Ondricka','367-643-4960','5799 Jacobs Mews Apt. 557','2020-08-04',' Santa Barbara','MG'),
('1128995727','Braulio Schaefer PhD','1-739-433-8547x','318 Nels Court','1999-08-07','Itabira','MG'),
('1132286950','Meaghan Wiza IV','(944)882-9892x4','4223 Phoebe Corners Apt. 156','2009-10-29','Itabira','MG'),
('1132300623','Prof. Hope Swaniawski I','1-702-601-9129x','5458 Josefa Curve','1997-07-21','Ipatinga','MG'),
('1132961748','Warren Strosin','1-721-709-4961x','2257 Vicky Ferry Apt. 655','2008-11-28','Itabira','MG'),
('1133175348','Herbert Corkery','011.455.8687x01','342 Weber Roads Apt. 070','2018-09-27','Mariana','MG'),
('1133320316','Mrs. Rosalinda Hermann V','750.902.0188x71','5639 Jose Cliffs Apt. 914','2009-07-10','Itabira','MG'),
('1133500905','Shanelle Gerhold','(725)161-8896x7','8607 Sunny Trail Apt. 052','2004-10-13','Belo Horionte','MG'),
('1136448075','Jordyn Mueller','(009)232-9159x7','9868 Garret Extensions Suite 274','1982-09-09','Itabira','MG'),
('1136600199','Miss Tess Waelchi V','1-896-895-8095','527 Jenifer Groves Apt. 752','2002-06-12','Itabira','MG'),
('1139495907','Lera Schmitt','033.791.1753x26','9958 Nora Landing','1989-09-08','Ouro Preto','MG'),
('1140513925','Merlin Weber','1-153-003-7746x','25223 Broderick Square Apt. 095','2018-05-07','Itabira','MG'),
('1140897364','Landen Bahringer','337-353-3346','3844 Stefanie Shoals Apt. 737','1989-01-21','Itabira','MG'),
('1142885964','Miss Orie Lakin','+44(9)037641549','146 Merritt Wells','1997-07-31','Ipatinga','MG'),
('1143039654','Clint O\'Hara DVM','00316543931','720 Bobbie Via','1998-08-20','Joao Monlevade','MG'),
('1144803183','Ayden Luettgen','1-464-485-9796','9383 Heidenreich Trace Suite 816','1972-06-13','Belo Horionte','MG'),
('1147394251','Maida Gutmann','01336592402','81669 Johns Lakes','1979-10-20','Joao Monlevade','MG'),
('1148775255','Royce Wintheiser DVM','(067)729-1379x5','138 Wunsch Walks','1991-10-14','Joao Monlevade','MG'),
('1152589296','Lily Stokes','+00(0)124356721','766 Myrtis Manors Suite 976','2002-12-05','Ipatinga','MG'),
('1153175015','Prof. Lamont Russel Jr.','926-231-1956x05','8627 Swift Fields','1983-07-08','Joao Monlevade','MG'),
('1153513083','Prof. Chauncey Bergnaum MD','+29(2)431541090','06009 Breanna Forks Apt. 150','2020-06-01','Ipatinga','MG'),
('1153538959','Dallin McGlynn IV','(628)390-6561x6','61027 Billy Port','1986-09-08','Joao Monlevade','MG'),
('1155357258','Orland Fahey','1-323-801-0521','51711 Bogisich Road Apt. 186','1980-08-19',' Santa Barbara','MG'),
('1155567047','Rico Rolfson','348.115.9333x35','710 Johathan Curve','2007-12-18','Mariana','MG'),
('1156180635','Carrie King','1-351-616-5671x','8213 Bergstrom Isle Apt. 219','2011-12-18','Ipatinga','MG'),
('1157317286','Anderson Treutel','1-583-261-4947','619 McCullough Roads','2005-07-31','Ipatinga','MG'),
('1157984924','Anastacio Heidenreich','+98(2)981446295','24545 Bednar Corner','1988-10-22','Itabira','MG'),
('1158667344','Estel O\'Connell','1-340-616-1977x','582 Darrel Lane','1985-08-30','Itabira','MG'),
('1158798209','Prof. Bud Schamberger V','034.158.7602x97','2596 Elvera Springs Apt. 816','2001-09-21','Itabira','MG'),
('1159355456','Virgie Altenwerth','979-122-2054x22','2304 Allison Crest Suite 861','1995-10-29','Ipatinga','MG'),
('1161253806','Heber Weimann','(451)368-8867','27575 Landen Pine Apt. 438','2009-10-26','Joao Monlevade','MG'),
('1162641722','Prof. Greta Cremin PhD','(161)891-6163x3','49969 Denesik Burg','1978-06-29','Joao Monlevade','MG'),
('1163422772','Magali Abshire','790-774-5132x94','513 Shayne View','2004-11-12','Ipatinga','MG'),
('1164078869','Dr. Alysa Dibbert','055.688.0758','8053 Tiara Prairie Suite 634','1989-02-10','Belo Horionte','MG'),
('1165339370','Oswaldo Hegmann','(637)569-9972','78531 Eva Mountains Suite 951','1987-01-13','Joao Monlevade','MG'),
('1165558621','Brando Becker','+38(2)723504076','2974 Hauck River','1978-08-10','Joao Monlevade','MG'),
('1166480646','Kenna Hills','+04(8)411509533','560 Cassidy Hills','1970-03-09','Belo Horionte','MG'),
('1167932155','Mr. Dock Kilback II','(563)787-0165x6','493 Boyle Lakes Suite 487','1981-08-07','Joao Monlevade','MG'),
('1169368569','Rubie Lueilwitz','(338)889-5444','8381 Feil Forges Suite 355','1994-05-31','Joao Monlevade','MG'),
('1171066538','Lizzie Lind','840.344.4098','7090 Ashton Divide Suite 933','2018-12-07','Itabira','MG'),
('1172659447','Darby Roob','(672)793-4461','826 Mary Curve Suite 747','2009-10-02','Belo Horionte','MG'),
('1173482508','Ms. Zoe Greenholt Sr.','487-879-4495','6984 Romaguera Prairie Suite 499','1997-05-13','Belo Horionte','MG'),
('1173563886','Dr. Haylie Schumm','542-606-5026x29','9325 Kaia Station Apt. 599','2012-09-27','Ipatinga','MG'),
('1175314078','Lois Stokes Jr.','(821)821-8603x8','97961 Joan Loop','1992-01-29',' Santa Barbara','MG'),
('1177808761','Dr. Dawson Friesen Sr.','(526)309-7452x1','63869 Ruecker Turnpike','2004-12-12','Joao Monlevade','MG'),
('1178858959','Adriana Hegmann','(480)473-1647','7623 Bartell Dam','1973-06-09','Conselheiro Lafaeite','MG'),
('1180251559','Lourdes Koss','446-668-2872','156 Rogahn Walks','1987-08-10','Conselheiro Lafaeite','MG'),
('1181025098','Miss Halie Reinger','992-512-4621','227 Thiel Islands Apt. 874','2012-10-26','Joao Monlevade','MG'),
('1181792513','Ms. Talia Hammes','06108026324','9194 Rylan Parks','1981-09-11','Conselheiro Lafaeite','MG'),
('1182003424','Lilyan West','1-718-173-1501','8508 Devan Road Apt. 495','1973-08-25','Joao Monlevade','MG'),
('1183032220','Colby Oberbrunner','1-242-557-4999x','253 Watsica Knoll Suite 229','1989-03-04','Joao Monlevade','MG'),
('1186015268','Prof. Bessie Rutherford MD','455-054-7341x91','03222 Dicki Mission','2014-11-28','Ipatinga','MG'),
('1186563777','Maci Hane','280.486.3470','8697 Ziemann Mills Apt. 917','2006-09-23','Mariana','MG'),
('1187751420','Lilla Brakus III','1-046-493-5405','561 Clark Bridge','2015-05-23','Ipatinga','MG'),
('1188136954','Johnson Kshlerin','077-606-5559x23','0969 Kunde Island Apt. 578','2016-09-16','Belo Horionte','MG'),
('1193131655','Sydni Lynch','423-798-1294x77','0888 Pedro Turnpike Apt. 916','1972-09-12','Itabira','MG'),
('1193497583','Judson Braun','+62(8)992470562','114 Sipes Lane','2005-11-17','Joao Monlevade','MG'),
('1193840238','Dortha Konopelski','08695365195','5231 Williamson Cliffs Suite 006','1987-07-26','Itabira','MG'),
('1194205758','Amely Ernser','(333)786-0359x4','7659 Tony Skyway Suite 540','1981-09-04','Joao Monlevade','MG'),
('1196065788','Effie Pagac','005-786-1989','3511 Romaine Rapid Apt. 595','2005-10-26','Itabira','MG'),
('1196411087','Ivy Hyatt','144.642.8956x08','8299 McLaughlin Path Apt. 815','2017-11-09','Joao Monlevade','MG'),
('1199327793','Miss Mertie Ratke Jr.','+91(8)541629617','2010 Graham Rapids Suite 018','1992-06-15','Joao Monlevade','MG'),
('1199746107','Afton Blick','(343)053-6016x6','298 Shad Drives','1974-05-30','Joao Monlevade','MG'),
('1199807955','Sadie Gulgowski II','07913433550','852 Barrows Well','1982-02-19','Itabira','MG'),
('1202605976','Houston Cartwright Jr.','416-686-5198x36','059 Berta Hollow Apt. 675','1973-03-07','Conselheiro Lafaeite','MG'),
('1203940578','Randi Mante','817-615-6754x53','3630 Cruz Coves','1994-07-07','Belo Horionte','MG'),
('1205194761','Julius Koch','(007)292-9809','022 Flatley Brooks','2008-07-17','Ipatinga','MG'),
('1205987258','Ethyl Heathcote II','1-627-848-8309x','8861 Crooks Walks','1998-03-15','Itabira','MG'),
('1208743767','Jalen Haag','1-430-460-6140x','18080 Rossie Ports Suite 707','1986-08-07','Ipatinga','MG'),
('1210260347','Davin Hermiston','1-772-794-3674','84969 Wuckert Dam Apt. 986','1998-03-23','Itabira','MG'),
('1210591482','Trenton Douglas','(312)103-1931x6','43403 Jast Meadows Suite 238','2018-09-08','Belo Horionte','MG'),
('1211126604','Genevieve Lakin','1-601-704-6516','739 Mabelle Drive','2018-06-12','Joao Monlevade','MG'),
('1211545295','Osvaldo Klein','1-262-005-1697x','7525 Kuhlman Key','2008-12-13','Ipatinga','MG'),
('1213184003','Miss Theresa Hoeger','00454800663','6973 McDermott Gardens Suite 281','1982-04-02','Ipatinga','MG'),
('1213542805','Abelardo Homenick','976-321-9195x62','1772 Alysa Plain Suite 786','1979-11-19','Ouro Preto','MG'),
('1213558002','Dr. Nyasia Rempel I','703-018-3523x49','2280 Seth Burgs','2003-02-02','Joao Monlevade','MG'),
('1215063486','Mr. Samson Cronin','+32(6)805944544','535 Langosh Lodge','2008-08-19','Itabira','MG'),
('1215102885','Jovany Green','344.971.6883','674 Runolfsdottir Lock','1989-12-27','Itabira','MG'),
('1216284955','Christelle Douglas','624.412.7249x37','08463 Sydnee Mills Apt. 736','1984-08-23','Ipatinga','MG'),
('1216536997','Keith Wolff II','1-860-256-6643x','708 Serenity Orchard Suite 948','2000-06-15','Itabira','MG'),
('1218652614','Evan Bayer','+58(6)998897584','887 Payton Pike','1987-02-02','Joao Monlevade','MG'),
('1220921788','Prof. Hollis Gibson','00157141096','6493 Miracle Highway Apt. 728','2006-07-02','Timoteo','MG'),
('1220926742','Omari Trantow Sr.','994.220.3661','4850 Lela Springs Suite 050','1988-11-30','Itabira','MG'),
('1221347663','Jonathon Johns','1-427-335-5545x','53404 Kunze Cliff','1983-12-10','Joao Monlevade','MG'),
('1224887513','Dr. Joshua Kunze MD','(158)445-7006x0','090 Bogisich Centers Apt. 388','2012-11-03','Joao Monlevade','MG'),
('1225441615','Issac Mayert','(164)890-9424x0','659 Lillie Trafficway Apt. 770','2008-03-23','Ipatinga','MG'),
('1226350574','Violette Watsica','704-047-4594','15704 Johnson Island Suite 128','2000-03-29','Conselheiro Lafaeite','MG'),
('1227998199','Alanna Powlowski','502.598.9404','182 Reichel Common','1990-11-26','Joao Monlevade','MG'),
('1229900258','Miss Aniya Wisoky','06171248401','6479 Parker Street Suite 304','1987-12-06','Ipatinga','MG'),
('1231027116','Mr. Rogelio Skiles DDS','402-499-2198x01','0515 Polly Field Apt. 645','2019-01-05','Itabira','MG'),
('1233466502','Dedrick Raynor','374.937.8400x27','9416 Murazik Port Apt. 909','1988-07-24','Itabira','MG'),
('1233467713','Marge Kautzer','1-317-426-4908','112 Helga Shoal Apt. 614','2010-07-20','Ipatinga','MG'),
('1234578563','Zechariah Murazik','690-200-1483','482 Rowe River','2008-03-02','Itabira','MG'),
('1234914208','Mr. Jamie Green','1-300-042-1338','4478 Maritza Bridge Suite 783','1970-05-01','Joao Monlevade','MG'),
('1235771605','Vada Yundt','(995)443-7071','565 Wilkinson Pike','2000-06-01','Joao Monlevade','MG'),
('1236028658','Eulalia Rogahn IV','+85(3)674876532','870 Karine Route Apt. 772','2007-11-20','Itabira','MG'),
('1236689079','Dr. Hiram Feeney II','1-837-695-9772x','10861 Rau Oval Apt. 528','1977-12-17','Itabira','MG'),
('1236876993','Krystina Marquardt DDS','695-269-2245','674 Francesco Pass Apt. 331','1998-12-19','Joao Monlevade','MG'),
('1236924600','Prof. Lemuel Legros','382-212-4280x72','98558 Sawayn Pines Suite 717','2005-06-16','Ipatinga','MG'),
('1237757555','Britney Rice V','1-812-699-2640x','601 Reichert Inlet Apt. 224','2017-03-19','Joao Monlevade','MG'),
('1239683446','Birdie Goyette','1-253-440-8865','41954 Kub Corner Apt. 351','2009-04-25','Itabira','MG'),
('1239882103','Haley Stiedemann','+72(1)885068874','74077 McGlynn Motorway','1970-12-27','Joao Monlevade','MG'),
('1241538839','Kian Boyle','691.562.5415x16','29302 Elmer Field','2008-03-24','Itabira','MG'),
('1242226028','Alessandro Greenfelder','312-319-7100x80','0269 Gleichner Valleys Apt. 434','1979-03-06','Ipatinga','MG'),
('1247012325','Makayla Ortiz','(187)333-7476','24037 Terry Fords','1980-08-08','Joao Monlevade','MG'),
('1247145231','Jake Reichel MD','1-889-920-4996x','798 Lakin Ranch Suite 578','1997-02-26','Joao Monlevade','MG'),
('1247221317','Beaulah Jacobi II','(338)939-3232','3470 Grady Point Apt. 548','2020-03-16','Conselheiro Lafaeite','MG'),
('1247271531','Naomi Haag','(272)203-2482','71647 Mitchell Inlet Suite 687','1979-06-21','Itabira','MG'),
('1247275731','Dallin Gaylord','01915346001','54967 Doug Stream Apt. 174','2008-07-25','Itabira','MG'),
('1247525414','Magnolia Prosacco','1-043-219-4683','4488 Kilback Crossing Apt. 959','2018-06-09','Itabira','MG'),
('1247772598','Mrs. Jakayla Keeling V','839.106.9831x17','1543 Gay Lights Suite 642','2010-04-24','Ipatinga','MG'),
('1249753061','Dr. Coy Beatty Sr.','+01(3)673780410','8651 Belle Flat Suite 690','1995-07-24','Joao Monlevade','MG'),
('1251317145','Mckenna Rempel DVM','1-328-513-2707','465 Kellen Squares','2020-09-04','Itabira','MG'),
('1251625870','Art Schuster','045.585.5211','24399 Colleen Hollow Apt. 166','1970-01-15','Joao Monlevade','MG'),
('1251728940','Hermina Marquardt','1-878-897-6498','2373 Jerrod Gateway Apt. 059','2003-01-04','Belo Horionte','MG'),
('1253484654','Kasandra Mosciski','968-192-1610','91116 Stacey Terrace','2006-12-14','Itabira','MG'),
('1256274007','Dr. Jerald Denesik MD','1-316-329-4750','8156 Iva Ways','1988-02-09','Joao Monlevade','MG'),
('1257643212','Prof. Nina Runolfsdottir','1-411-599-2833x','962 Andrew Bridge','2004-07-31','Joao Monlevade','MG'),
('1257665576','Delphia Rodriguez','883-597-2085','278 Joel Center','1973-01-15','Itabira','MG'),
('1259217066','Ethan Dicki','1-848-708-5959','2971 Stark Port Apt. 724','2007-01-11','Conselheiro Lafaeite','MG'),
('1259736929','Marlen O\'Hara','00482027730','37315 Wyman Mountain','1999-07-30','Ipatinga','MG'),
('1259925228','Ceasar Rolfson','(244)686-1726','651 Zoila Fort','2005-07-26','Joao Monlevade','MG'),
('1260922157','Charles Yundt','08070483508','352 Kadin Glens Suite 176','2015-06-28','Ipatinga','MG'),
('1261385195','Dr. Edison Bechtelar','101.608.5150','427 Erdman Viaduct Apt. 829','2010-01-22','Itabira','MG'),
('1262085730','Ms. Breanne Schuppe Jr.','(060)321-6983','5899 Ankunding Field Suite 449','1992-11-09','Joao Monlevade','MG'),
('1262516645','Jammie Ondricka','04237548913','574 Dario Freeway','2015-10-11','Conselheiro Lafaeite','MG'),
('1262826210','Dr. Laney Fahey MD','1-834-757-0124','3817 Sporer Islands Apt. 480','2000-01-04','Joao Monlevade','MG'),
('1263425934','Ms. Ova Hagenes','085.931.0423x22','82174 Gottlieb Circle Suite 464','1974-04-29','Mariana','MG'),
('1264324784','Ms. Heaven Reynolds IV','(140)501-1709','7857 Flatley Ville Apt. 554','1991-03-18','Joao Monlevade','MG'),
('1268986623','Zane Ledner','1-331-643-6669','706 Janelle Trace','1995-01-06','Joao Monlevade','MG'),
('1272117407','Lenny Rohan','625-807-0587x25','1517 Elmo Mall Apt. 522','1994-05-23','Timoteo','MG'),
('1273356476','Rafaela Spencer','+81(0)796245199','667 Jasper Run','1978-03-14','Ipatinga','MG'),
('1273604050','Curtis Renner IV','(657)050-1629','11479 Oberbrunner Isle Apt. 308','1990-07-19','Itabira','MG'),
('1273660943','Miss Tania Dickens','(265)296-5830x0','06886 Spencer Plaza Suite 185','1985-06-19','Joao Monlevade','MG'),
('1274388171','Solon Sipes','+64(1)724047201','43398 Halvorson Pike Apt. 746','1983-12-15','Joao Monlevade','MG'),
('1274548796','Ms. Zola Abbott DVM','1-014-120-3668x','972 Rahul Keys Suite 157','2012-05-03','Joao Monlevade','MG'),
('1275993232','Dr. Pauline Schiller MD','732-629-5559x42','38766 Breitenberg Grove','2003-02-01',' Santa Barbara','MG'),
('1276305329','Litzy Greenholt','(624)857-6043x5','61074 Deshaun Knolls Suite 980','1993-10-06','Mariana','MG'),
('1278309311','Emma Torp','(308)321-8705','1388 Leo Station','1990-12-12','Ipatinga','MG'),
('1279398768','Mr. Garnett Runolfsdottir','624-149-6213x13','87805 Loma Harbors','1999-05-01','Ipatinga','MG'),
('1279850725','Antonietta Kuvalis PhD','128-540-3563x00','43624 Coy Hollow Suite 085','2013-06-13','Conselheiro Lafaeite','MG'),
('1282183414','Carmella Mertz','362.862.4546x45','7813 Von Ridges Suite 073','1978-10-24',' Santa Barbara','MG'),
('1283068089','Ms. Kaitlin Schulist','236.985.2264x47','21967 Pfeffer Brooks','2019-04-08','Ipatinga','MG'),
('1284107866','Mr. Douglas Schumm','(014)488-0485x2','353 Geo Tunnel Suite 874','2008-08-25','Ipatinga','MG'),
('1284387957','Dr. Richmond Jerde Jr.','(986)244-0285','31027 Leonor Mountain','2002-06-12','Ipatinga','MG'),
('1285809341','Shyann Koelpin','124-937-9481x40','571 Powlowski Loaf Apt. 450','1984-04-06','Ipatinga','MG'),
('1285965944','Horacio Heathcote MD','215-238-7049x20','48387 Thompson Views Apt. 333','1995-10-17','Ipatinga','MG'),
('1288647881','Mrs. Rebecca Marquardt','(212)855-9952x9','8357 Conn Cliffs Apt. 676','1972-09-26','Ipatinga','MG'),
('1288678182','Mina Welch','955.204.5899x79','5586 Batz Corners Suite 301','1971-03-13','Joao Monlevade','MG'),
('1288716513','Jefferey Hickle','1-332-667-7906','102 Terrence Run','2015-05-18','Joao Monlevade','MG'),
('1289123979','Mr. Orval Willms DDS','868.338.8626x58','82503 Amelie Fort Suite 001','1974-08-21','Joao Monlevade','MG'),
('1289705584','Halie Parisian','1-623-547-2529x','352 Sandrine Brook Suite 479','1991-10-28','Ouro Preto','MG'),
('1290372857','Ronny Graham','(658)807-6134','8092 Wiza Forges Apt. 330','2002-07-16','Ipatinga','MG'),
('1292402312','Brett Becker I','546.494.6445x45','447 Sherman Flat','1987-12-15','Timoteo','MG'),
('1292471351','Prof. Lenora Bruen','036-937-1176x50','367 Schmitt Village Suite 316','2013-11-23','Joao Monlevade','MG'),
('1293711814','Ms. Lilyan Bechtelar','202-074-2067','82567 Barrows Lake','2019-12-03','Itabira','MG'),
('1294181287','Brook Schaefer','298-878-9463x69','86474 Will Pike Suite 761','2018-04-03','Itabira','MG'),
('1295177409','Kari Beahan','401.617.9764','9513 Herman Cliffs','1997-10-09','Ipatinga','MG'),
('1296128287','Thurman Brekke','1-598-632-2396','34600 Jones Inlet','1997-10-06','Ipatinga','MG'),
('1296337454','Natasha Kirlin','1-732-233-7168','58279 Arvilla Camp','2010-04-12','Ipatinga','MG'),
('1297160037','Robert Borer','(200)936-3367','3023 Stark Grove Apt. 032','1985-08-08','Joao Monlevade','MG'),
('1297347333','Queen Dibbert','723-882-2855x38','855 Harmon Summit','1985-03-01','Ouro Preto','MG'),
('1297961372','Leonardo Brekke Jr.','+02(6)395405305','88752 Stephen Keys Suite 161','1994-03-28','Ipatinga','MG'),
('1298718057','Mr. Demarco Williamson','528-065-7814','141 Becker Neck Suite 015','1994-06-21','Itabira','MG'),
('1299023332','Clifton Gerlach','(985)574-6688x1','33842 Pacocha Mill','1983-06-16',' Santa Barbara','MG'),
('1299520125','Filomena Kerluke','830-579-0534','079 Florencio Bridge','1970-02-12','Joao Monlevade','MG'),
('1299826817','Amina Cormier','(958)585-4414','455 Thad Road','2018-04-02','Joao Monlevade','MG'),
('1301655746','Luigi Crona','03230096275','312 Clovis Loop Suite 524','1999-05-09','Itabira','MG'),
('1301886279','Mrs. Amelia Tromp IV','162.750.3343x92','27140 Collin Tunnel Suite 757','1983-08-09','Belo Horionte','MG'),
('1303601307','Mr. Milan Kassulke','(444)770-2920','7205 Whitney Summit Apt. 163','1974-01-30','Joao Monlevade','MG'),
('1305505602','Hertha Altenwerth','464-845-2075x16','8200 Genesis Crest','2019-12-02','Ipatinga','MG'),
('1307094803','Miss Gilda O\'Connell Sr.','1-544-597-2654x','475 Janice Plain','2008-11-25','Joao Monlevade','MG'),
('1307622620','Eunice Reilly','+75(4)933268252','013 Koch Estate','2005-04-05','Itabira','MG'),
('1310032835','Nickolas King','140-883-4555','73022 Bahringer Trail Suite 096','2019-04-26','Joao Monlevade','MG'),
('1311232844','Prof. Iliana Kuphal','(958)618-8725','6944 Tamara Haven','1973-05-29','Timoteo','MG'),
('1311287157','Loren Batz II','08194788676','93103 Baron Harbors','1993-10-25','Ouro Preto','MG'),
('1311585379','Mr. Jules Padberg DDS','08397905361','99496 Zachariah Squares','1980-08-17','Mariana','MG'),
('1311592263','Kamren Beatty','09689957500','63028 McGlynn Dale Apt. 740','2013-06-23','Ipatinga','MG'),
('1312105146','Mr. Gene Wehner PhD','(154)154-8404','199 Macejkovic Alley Apt. 411','2005-12-18','Joao Monlevade','MG'),
('1312308227','Johnson Rath','(362)802-5036x0','0620 Crooks Heights Suite 727','1985-03-06','Timoteo','MG'),
('1312316163','Thora Rodriguez','02698932772','3261 Orn Land Suite 283','2008-10-23','Joao Monlevade','MG'),
('1313813668','Kaylie Halvorson','+02(4)754903252','97587 Ebert Port','1991-12-02','Conselheiro Lafaeite','MG'),
('1313969558','Prof. Diego Parisian','919.051.9432x98','333 Champlin Estates','1984-02-04','Joao Monlevade','MG'),
('1316242464','Amie Bauch','(346)573-2997','807 Franecki Meadows Suite 158','1999-10-27','Belo Horionte','MG'),
('1316357997','Vicky Gerhold','(001)674-1142x3','738 Eleanora Summit Apt. 815','1993-09-15','Belo Horionte','MG'),
('1318231501','Prof. Bryana Wehner','(065)128-1449x0','0011 Hoppe Loop Apt. 012','1984-08-23',' Santa Barbara','MG'),
('1318424362','Alexandria Stark','639-351-6588','78987 Zander Viaduct','2002-10-16','Itabira','MG'),
('1319817018','Maximo Klocko MD','837-140-8046x86','45356 Dereck Cliff','2013-01-05','Ipatinga','MG'),
('1320075687','Dr. Shanon Schulist DDS','643-516-9468x60','85994 Toy Center Suite 903','2002-08-27','Ipatinga','MG'),
('1320310385','Gaston Schmitt','921.994.0506x25','20623 Wehner Loop','2011-02-18','Belo Horionte','MG'),
('1321790521','Miss Nikita Borer PhD','1-114-035-8500','16817 Waters Turnpike','2008-01-09','Itabira','MG'),
('1324857337','Prof. Theodore Cummings','1-162-421-6160','8850 Dolly Squares','1974-02-13','Conselheiro Lafaeite','MG'),
('1325045488','Prof. Denis Treutel','679.239.1732x92','715 Cummings Path Apt. 090','1986-10-25','Itabira','MG'),
('1327505923','Mr. Laverna Hahn V','1-696-565-1645x','4849 Brando Well','1990-11-01','Joao Monlevade','MG'),
('1329269143','Grady Block','765.987.8559','859 Rozella Brook','1996-08-26','Joao Monlevade','MG'),
('1329629478','Mrs. Maiya Carroll','(457)458-5085','3146 Pouros Crossing Apt. 922','1985-08-09','Joao Monlevade','MG'),
('1332529811','Fabian Weber','366-307-8679x55','066 Gorczany Shoals','1975-01-27','Ipatinga','MG'),
('1333967714','Sherwood Hermann','(823)440-2578','418 Morissette Well Apt. 457','2006-09-06','Timoteo','MG'),
('1335757282','Trinity Jaskolski','649-510-3735x20','2652 Hansen Parkways','2002-06-08','Joao Monlevade','MG'),
('1335758653','Ambrose Ruecker','03127704410','4292 Lynch Plaza','1984-04-04','Joao Monlevade','MG'),
('1335809806','Ellsworth Rutherford','829-720-6006x62','27691 Dagmar Estates','2012-07-07','Joao Monlevade','MG'),
('1336102852','Filomena Green','1-221-005-6882x','97851 Reichel Turnpike','1997-02-16','Conselheiro Lafaeite','MG'),
('1336895646','Alysha McClure DDS','702-939-3100','0767 Jacey Plain','1979-09-07','Ipatinga','MG'),
('1337016194','Katheryn Hand DDS','(131)365-7674','145 Reichert Roads','2017-07-09','Timoteo','MG'),
('1338363809','Prof. Clinton Baumbach','934-205-4171x50','34755 Rogahn Ridge Suite 177','2004-01-17','Itabira','MG'),
('1339874573','Arch Reynolds','320-205-7987x09','269 Davis Orchard Suite 080','1995-05-18','Itabira','MG'),
('1339887438','Liza Stokes III','017.796.5699x80','164 Will Terrace','2009-11-08','Itabira','MG'),
('1340863718','Reggie Thompson','(871)816-6027','95835 Antoinette Garden Suite 991','2013-06-21','Joao Monlevade','MG'),
('1342111592','Otha Ebert','(171)237-8692x7','276 Pfannerstill Harbor Suite 017','2011-10-19','Ouro Preto','MG'),
('1343000588','Lilian Yundt','02555413116','2531 Mills Mountain Apt. 572','1991-01-23','Ipatinga','MG'),
('1343888786','Orlando Johns','104.493.8684x04','2464 Guy Groves','1988-12-16','Itabira','MG'),
('1345375710','Dean Runolfsson','+81(3)843072171','394 Rodriguez Ports Apt. 862','1990-01-10','Ipatinga','MG'),
('1345867066','Charlene Skiles','1-189-925-7549x','31383 Heaney Light Apt. 842','2001-04-25','Joao Monlevade','MG'),
('1346281620','Mrs. Kattie Lemke','1-165-664-1265x','56788 Talia Path Suite 771','2019-03-27','Itabira','MG'),
('1346462692','Delphia Steuber','(880)902-1836','306 Ebert Bypass Suite 113','2005-07-14','Joao Monlevade','MG'),
('1347519567','Ole Rempel','05396698026','22909 Luz Circles Apt. 422','1975-01-28','Belo Horionte','MG'),
('1347889564','Ms. Fannie Nikolaus DVM','(812)129-6356','474 Alana Oval Suite 820','1992-03-10','Itabira','MG'),
('1348449608','Dr. Peter Weissnat','+89(6)486736892','9192 Abdul Ridges Apt. 795','1991-06-09','Ipatinga','MG'),
('1348982511','Norberto Bernhard','+75(1)904926293','1878 Batz Rapid Apt. 822','1987-10-14','Timoteo','MG'),
('1350535507','Cassidy Brekke','425.977.6792','95102 Hills Rest Suite 030','1999-11-08','Joao Monlevade','MG'),
('1351672063','Hallie Torphy II','1-111-331-1496x','417 Jeanie Turnpike','1992-07-27','Itabira','MG'),
('1353131168','Nicolas Krajcik','00411220886','26509 Maia Spur','1998-07-31','Itabira','MG'),
('1356124003','Prof. Krystel Legros','109-114-5764x50','1391 Schinner Place','1995-06-18','Ouro Preto','MG'),
('1356443082','Hilario Hudson II','1-647-172-0099','93847 Drew Plain','1989-12-05','Ipatinga','MG'),
('1357105521','Clemmie Senger','(686)265-8779x5','884 Heathcote Points Suite 328','2007-04-09','Conselheiro Lafaeite','MG'),
('1358511990','Sanford McDermott DVM','878-888-2651x31','4285 Douglas Ports Suite 243','1994-09-19','Itabira','MG'),
('1362294279','Hillard Purdy V','1-316-080-4106x','95977 Noel Estate','2013-03-13','Ipatinga','MG'),
('1364973384','Mr. Frederick Bailey IV','09851117791','43764 Wolf Alley Apt. 428','1973-04-14','Ouro Preto','MG'),
('1365327693','Dr. Heber McClure III','304.109.2077x64','00003 Adolphus Estate Suite 585','2018-10-24','Joao Monlevade','MG'),
('1365562693','Prof. Lupe Rau Sr.','332-818-3563x46','6574 Kallie Mill Apt. 838','2005-11-11','Mariana','MG'),
('1367877124','Prof. Frederik Kutch IV','743-650-6518x72','7845 Akeem Rapids Suite 285','1978-10-27','Ipatinga','MG'),
('1368707951','Joshua Rowe','(801)997-5962x9','291 Wyman Branch','2016-08-10','Joao Monlevade','MG'),
('1370471263','Diego Deckow','(927)435-6969','97493 Lorine Alley Apt. 783','2014-01-30','Joao Monlevade','MG'),
('1370557530','Litzy Schulist','1-952-356-4256x','26395 Lowe Wall','2016-07-17','Mariana','MG'),
('1372375502','Kyla Carter','(018)423-6015x5','62972 Ernser Village','1978-03-02','Mariana','MG'),
('1375396034','Prof. Randi Buckridge','1-835-823-0979x','130 Kraig Land Suite 756','2016-02-11','Belo Horionte','MG'),
('1376554403','Jamal Lowe','(522)576-1058','6513 Shanahan Wall','2011-12-15','Joao Monlevade','MG'),
('1377227031','Osbaldo Torp','068-593-9362x11','218 Considine Valley Suite 956','2016-12-18','Joao Monlevade','MG'),
('1377508667','Herminia Wolf','(964)822-1255x5','078 Walker Rapids Apt. 052','1988-03-16','Joao Monlevade','MG'),
('1378186844','Greg Cronin IV','+14(8)595110333','07773 Wuckert Crossroad Apt. 054','2012-02-09','Itabira','MG'),
('1378259492','Ms. Eldora Armstrong','(017)781-7852','9514 Keebler Avenue Apt. 796','1993-08-02','Itabira','MG'),
('1380273125','Dr. Magnus Bruen MD','1-180-742-0988x','16133 Lemuel Keys Apt. 673','2003-02-03','Ipatinga','MG'),
('1380300630','Prof. Jamil Mosciski','475-065-3192','788 Esperanza Islands','2003-01-25','Ipatinga','MG'),
('1380620549','Filiberto Gleason','589.906.3246x29','445 Vandervort Lights','1979-03-15','Joao Monlevade','MG'),
('1381048387','Miss Loyce Dickens','840.121.9294x28','81562 Petra Brook','1981-12-07',' Santa Barbara','MG'),
('1381474158','Pattie Streich','(722)125-6399','37937 Jaron Pass Apt. 256','1981-02-09','Joao Monlevade','MG'),
('1382042744','Seamus Kerluke','163.881.6296x28','283 Kuvalis Avenue','2018-12-26','Ipatinga','MG'),
('1382300728','Donald Gulgowski Sr.','01865398456','0682 Merl Rapid Apt. 422','1989-07-31','Ouro Preto','MG'),
('1382305483','Jasper Murray Jr.','1-269-741-8565x','59795 Lizzie Center','1973-03-04','Joao Monlevade','MG'),
('1382363402','Julia Zieme III','1-824-082-9940','00748 Evangeline Fort Apt. 145','1987-04-14','Itabira','MG'),
('1382802814','Mandy Swift','014.064.5410x42','89809 Cruickshank Crossroad','2005-08-11','Ipatinga','MG'),
('1383438595','Dr. Roberto Stiedemann PhD','(487)591-8548x4','776 Clementine Locks','1984-11-28','Itabira','MG'),
('1384767083','Prof. Jeffery Wolf V','448-497-9905','4214 Walker Stream','2007-12-14','Ipatinga','MG'),
('1384824936','Cesar O\'Reilly','(683)227-8966x5','2581 Harris Ways','1994-02-05','Itabira','MG'),
('1385194799','Mr. Holden Stroman I','1-089-971-5060x','7001 Godfrey Squares','1995-12-29','Ipatinga','MG'),
('1385796083','Prof. Coleman Boehm','601-630-2132','95905 Stokes Radial Apt. 330','2010-12-20','Joao Monlevade','MG'),
('1386117840','Unique Labadie Sr.','08276556961','530 Hamill Shoals Apt. 626','1971-01-25','Ipatinga','MG'),
('1387623079','Rosalind Gislason','144.844.8375','2840 Zoey Summit','1977-01-14','Ipatinga','MG'),
('1390282438','Miss Melyna Pacocha','505.527.0390','447 Andreanne Spring Apt. 567','2009-06-25','Joao Monlevade','MG'),
('1391475993','Reuben Adams','190.595.0481x85','4200 Lucas Path','1974-07-10','Ipatinga','MG'),
('1392604300','Estel Kris V','(427)739-5173','951 Kub Crescent Apt. 555','2002-10-10','Itabira','MG'),
('1392885852','Camylle Larson','047-991-7543x11','55616 Bonita Stream','1986-01-29','Ipatinga','MG'),
('1392943147','Viviane Runolfsdottir','989-345-1136x49','437 Klocko Crest Suite 554','2014-09-29','Ipatinga','MG'),
('1393854688','Alisha Kautzer DDS','1-455-573-3412x','8048 Rodrigo Gateway','2012-03-25','Belo Horionte','MG'),
('1394809290','Arnaldo Wiza','1-505-205-8484','55930 Buckridge Crossroad','2012-11-20','Itabira','MG'),
('1398181106','Deanna Spencer DVM','1-229-604-6710x','98477 Bode Springs Suite 884','2019-09-14','Ipatinga','MG'),
('1398249006','Irving Cummerata Sr.','1-275-205-0201','899 Corwin Green','2015-09-20','Ipatinga','MG'),
('1398903391','Dr. Luther Schamberger','233-355-4215','363 Hayes Green','1979-03-15','Itabira','MG'),
('1399079583','Johann Schroeder','1-585-485-8940','04189 Mallory Greens Suite 892','2014-03-06','Ipatinga','MG'),
('1399649544','Prof. Bridgette Bins DVM','770.509.9908x42','36817 Claudie Estates Suite 288','2011-11-19','Itabira','MG'),
('1399729301','Rosella Hintz','809-184-8339','246 Lakin Wall Suite 410','1971-06-19','Itabira','MG'),
('1400297904','Abel Brown','(871)072-0921x5','81708 Breitenberg Turnpike','1993-05-29','Ipatinga','MG'),
('1404401661','Pierre O\'Reilly','(657)755-9522','184 Brennon Circles Apt. 564','1987-04-17','Joao Monlevade','MG'),
('1405341257','Miss Myrtle Rosenbaum','710.729.8312','95759 Mitchell Square','1993-07-21','Itabira','MG'),
('1405562696','Abe Lebsack','01548825850','34531 Carolyn Expressway Suite 979','2016-11-14','Ipatinga','MG'),
('1406345781','Luna Schultz','1-216-291-1892','3138 Casandra Road','2015-02-17','Joao Monlevade','MG'),
('1406491409','Kyra Dietrich','594.988.5549x25','610 Hartmann Village Suite 100','1997-01-04','Joao Monlevade','MG'),
('1406980572','Hallie Ryan PhD','1-536-373-0385x','469 Janick Field','2011-06-08','Belo Horionte','MG'),
('1407253091','Abigale Welch','178-282-0953x81','6039 Zion Mills Apt. 766','1993-07-21','Ipatinga','MG'),
('1411587068','Franz Casper','(848)478-1816x8','56155 Herman Lock Suite 272','1984-02-10','Joao Monlevade','MG'),
('1411964309','Ms. Loraine Kuvalis MD','+34(4)557033061','67427 Haag Station','1991-01-23','Joao Monlevade','MG'),
('1413688061','Leila Williamson','757-435-7883x50','4159 Wintheiser Drives Suite 662','1991-02-05','Joao Monlevade','MG'),
('1415448814','Josiane Willms','(155)810-9782x0','6467 Kiana Haven','2002-10-06','Timoteo','MG'),
('1415840752','Viva Sawayn IV','1-132-457-0976x','54094 Lemke Lights','1988-09-09','Itabira','MG'),
('1415955229','Hailey Ratke','537-273-3431x48','76314 Willms Meadows','1984-07-10','Itabira','MG'),
('1416512591','Jake Schmeler DVM','+22(8)776699363','71044 Lou Haven Suite 775','1972-08-03','Joao Monlevade','MG'),
('1417079521','Johnathan Murphy MD','(182)449-8886x2','823 Allan Mission','1998-12-01','Itabira','MG'),
('1417336012','Bertram Barton','564.632.2803','67352 Harvey Course','1973-01-27','Itabira','MG'),
('1418288050','Tristian Kessler V','149.671.2844x02','3366 Kihn Forks Suite 580','1989-05-30','Itabira','MG'),
('1418342120','Garth Bruen DVM','736-246-0584x47','598 Glover Springs Apt. 385','2014-06-25','Joao Monlevade','MG'),
('1419321597','Prof. Aron Deckow MD','477.246.6330x73','38422 Cali Landing Apt. 283','1988-12-20','Itabira','MG'),
('1421038254','Alta Boehm','1-038-705-0045x','5536 Hegmann Harbors Apt. 294','1982-08-21','Itabira','MG'),
('1421341476','Tess Kuhn','+80(3)789917852','71773 Cummings Route Suite 904','2008-12-12','Itabira','MG'),
('1422186141','Roman Mante','840-998-4199x52','25701 Karson Course Apt. 395','1984-11-18','Itabira','MG'),
('1422357472','Marlon Maggio MD','(261)697-0183','9632 Sister Mews Suite 641','2003-04-06','Ipatinga','MG'),
('1423285352','Lisa Grady','01630655091','8865 Genoveva Mount','2008-03-26','Joao Monlevade','MG'),
('1423650872','Naomi Quigley','(722)841-0898','6992 Boyle Point','2012-05-05','Joao Monlevade','MG'),
('1424233499','Gladyce Thiel','1-418-628-6031x','54484 Tracy Fall','1970-08-17','Conselheiro Lafaeite','MG'),
('1425984431','Ethelyn Stiedemann','1-113-935-8334','97970 Hagenes Passage Apt. 820','1972-07-03','Belo Horionte','MG'),
('1429087723','Nayeli Romaguera','04763764362','13386 Loraine Lock Apt. 350','1993-09-14','Ipatinga','MG'),
('1429195285','Dr. Santino Cassin','(414)883-5711','03203 Bahringer Cove','1999-08-14','Joao Monlevade','MG'),
('1430768764','Georgette Beier','1-816-854-1459x','2070 Mayer Squares Apt. 335','1983-09-04','Ipatinga','MG'),
('1431164822','Leonardo Barton III','342.990.4252x56','103 Silas Manor','1983-10-27','Itabira','MG'),
('1431756987','Mariela Stiedemann','1-502-089-3226','5272 Balistreri Throughway Apt. 514','1976-12-14','Conselheiro Lafaeite','MG'),
('1432397877','Prof. Jayne Ratke PhD','1-869-355-1216','39880 Kling Stravenue Suite 584','1970-02-01',' Santa Barbara','MG'),
('1433780555','Norris Turcotte','211-748-1035x99','567 King Street Suite 224','1974-11-23',' Santa Barbara','MG'),
('1434618607','Kendra Douglas','(991)759-4185','66982 Tillman Green Apt. 309','1979-10-14','Ipatinga','MG'),
('1434786574','Mr. Simeon Little IV','(925)557-8831x9','474 Breana Glens Apt. 079','1992-07-21','Mariana','MG'),
('1436319417','Ocie Feeney','(278)459-2135','858 Stokes Alley Apt. 802','1972-06-10','Joao Monlevade','MG'),
('1437603869','Prof. Glenna Toy','(403)559-9345','4688 Brando Garden','2007-06-18',' Santa Barbara','MG'),
('1438546918','Kelsie O\'Connell','(844)375-1291x2','44650 Robel Extensions Apt. 668','1994-07-06','Mariana','MG'),
('1438631370','Joelle Durgan PhD','+27(0)046985553','22806 Simonis Burg','2014-06-28','Conselheiro Lafaeite','MG'),
('1438698514','Chadd Smith','(567)578-8020x9','801 Schultz Route Suite 464','1997-09-20','Itabira','MG'),
('1439801447','Kitty Towne','453.836.5013','2927 Pfeffer Greens Apt. 376','1998-02-21','Belo Horionte','MG'),
('1440634198','Mr. Quinn Stracke Jr.','396.808.7205','5421 Schuppe Roads Apt. 415','1984-03-01','Ipatinga','MG'),
('1441131654','Donato Reinger','986.246.3493x71','66454 Connor Villages Suite 336','1999-07-10','Timoteo','MG'),
('1443705449','Clay Schiller V','(632)198-2519x9','148 Legros Trafficway Suite 889','1993-02-11','Joao Monlevade','MG'),
('1445922027','Oma Fritsch','424-949-5412x78','53802 Annette Island','1988-06-23','Ipatinga','MG'),
('1446192853','Roxane Watsica','330-159-0698','7242 Salma Junctions','1974-01-29','Joao Monlevade','MG'),
('1447269930','Mr. Jayson Bauch MD','987-006-7981x50','918 Mills Station Suite 263','2020-04-03','Itabira','MG'),
('1447758083','Anthony Prohaska','910-044-3071','160 Koelpin Loop','2009-08-30','Conselheiro Lafaeite','MG'),
('1448149078','Miss Brandy Osinski I','870-096-0433x59','196 Nikita Hollow','1989-10-11','Mariana','MG'),
('1448798570','Mrs. Madeline Blick DDS','1-742-343-3697','068 Telly Stream Suite 703','1999-12-30','Belo Horionte','MG'),
('1449045199','Jensen Russel','+20(2)967354821','7328 Frami Overpass','1999-11-13','Ipatinga','MG'),
('1449072445','Prof. Madison Tillman PhD','762.055.2666x05','618 Kole Overpass Apt. 748','1973-09-26','Joao Monlevade','MG'),
('1451215409','Mrs. Zelda Schaden','926.194.5148','0785 Gislason Gateway','1976-07-16','Ouro Preto','MG'),
('1452696301','Pink Howe','111-030-8417','7248 Eliseo Junction Suite 412','2007-01-18','Itabira','MG'),
('1452934199','Bonnie Simonis','08017680857','528 Benny Camp Apt. 928','2005-03-05','Belo Horionte','MG'),
('1453389465','Mr. Malachi Schulist II','1-487-450-4745','150 Justen Crossroad Suite 851','2012-12-24','Joao Monlevade','MG'),
('1455626761','Kale Hermann','1-562-813-9803x','93211 Alanna Pass Suite 423','1997-01-27','Ipatinga','MG'),
('1456806403','Jane Willms','1-893-959-8174x','151 Hackett Haven Suite 221','1970-01-05','Itabira','MG'),
('1457561874','Mr. Erik Nader','075.561.0203x82','469 McKenzie Prairie Suite 665','2001-01-18','Itabira','MG'),
('1459239238','Mr. Dewitt Lueilwitz','1-902-471-8262x','286 McCullough Ports','2011-09-29','Itabira','MG'),
('1459427214','Markus Gleichner','619-153-1167x07','545 Tracy Isle Suite 058','1998-12-11','Joao Monlevade','MG'),
('1460148177','Sheila Hamill','919.570.4215','8713 Stan Cliffs','1983-02-19','Itabira','MG'),
('1460537923','Kaya Grant','349-902-4534x42','524 Runolfsson Mountains','2003-10-31','Belo Horionte','MG'),
('1460667128','Ms. Maybell Fisher','376.046.3225x46','3784 Moore Plains','2012-02-19','Ipatinga','MG'),
('1461626145','Ms. Abigayle Reichel V','1-762-275-9434x','8610 Sammie Ramp Suite 463','1997-03-04','Itabira','MG'),
('1461667796','Dr. Ethyl Tromp','(434)514-4487x9','48612 Flavio Spurs','2002-01-28','Joao Monlevade','MG'),
('1463920754','Breanne Hills','+30(9)049012344','318 Dickens Expressway Apt. 633','2016-08-20','Joao Monlevade','MG'),
('1464053176','Kendra Quitzon','1-058-736-5876','99369 Hodkiewicz Camp','2005-09-20','Joao Monlevade','MG'),
('1464379472','Dr. Rogelio Christiansen DVM','1-714-062-0123','15051 Wilderman Well Suite 635','1991-03-11','Joao Monlevade','MG'),
('1464842631','Weston Schmeler PhD','741-319-1155','466 Weimann Summit Apt. 393','1987-12-20','Joao Monlevade','MG'),
('1467575512','Mr. Kennith Beier DDS','435-344-4274','2045 Hirthe Club Suite 173','1992-05-28','Conselheiro Lafaeite','MG'),
('1469118455','Prof. Douglas Littel III','+27(0)233014566','0762 Huel Mews Apt. 674','1986-09-23','Timoteo','MG'),
('1469413798','Dr. Bell Strosin PhD','+21(1)261689031','52394 Glenda Pines Suite 024','1999-10-23','Itabira','MG'),
('1470702457','Chesley Dickinson','1-817-788-1364','8193 Eric Mount Suite 636','1987-09-13','Joao Monlevade','MG'),
('1471850762','Prof. Ivy Ebert','(736)117-0929x6','62662 Angeline Road Apt. 655','2011-11-22','Itabira','MG'),
('1472540832','Kianna Daniel','+05(6)192812276','0643 Mark Station','2015-09-05','Itabira','MG'),
('1472898882','Johanna Bins','140-861-3279x10','15796 Olson Streets','2015-05-10','Itabira','MG'),
('1472971704','Adaline Hand','1-891-017-5717','285 Kitty Motorway Suite 221','1983-04-10','Itabira','MG'),
('1473756947','Dr. Newton Deckow II','780.626.8360x09','175 Price Ford Suite 347','1997-09-12','Joao Monlevade','MG'),
('1474201495','Vincent Strosin','136.801.9264','1675 Prosacco Island Apt. 657','2011-06-16','Ipatinga','MG'),
('1476562510','Terrell Wilkinson','+42(9)909143978','37512 Kihn Trail','2017-04-25','Itabira','MG'),
('1476846395','Freddy Barton','+24(0)638685777','35389 Angelica Islands','1973-05-05','Ipatinga','MG'),
('1477195518','Tobin O\'Reilly','008-521-2159x19','7024 O\'Connell Burgs Suite 543','1971-08-08','Itabira','MG'),
('1478485421','Mr. Karson Barton Jr.','671.491.9069','93268 Florida Trafficway','2016-03-25','Joao Monlevade','MG'),
('1479122720','Prof. Jessy Haag','548.077.3200','68801 Stehr Vista','2015-04-17','Ipatinga','MG'),
('1481888040','Wilford Brakus','(109)448-2939','6804 Cummings Rapids','2017-10-15','Ouro Preto','MG'),
('1482176966','Lottie Oberbrunner','611-659-2506x42','128 Clinton Corner Apt. 456','2001-08-20','Joao Monlevade','MG'),
('1487278696','Prof. Selena Collier Sr.','1-282-425-5177','81693 Kunde Circle','1984-06-28','Itabira','MG'),
('1488062032','Oleta Schroeder','967-452-7062','92709 Nolan Keys Apt. 584','1998-11-04','Joao Monlevade','MG'),
('1490487406','Catherine Rippin','(819)876-9083x3','6052 Maxine Stream Apt. 802','1974-09-03','Mariana','MG'),
('1491210645','Geo DuBuque','582-020-6746x01','7626 Conroy Rest Apt. 171','2016-05-26','Joao Monlevade','MG'),
('1493395992','Trey Spencer Sr.','(978)788-5436','225 Hegmann Port','1984-04-23','Ipatinga','MG'),
('1494148843','Audrey Morissette DDS','1-921-137-4605x','972 Willms Common','1997-04-30','Ipatinga','MG'),
('1495745937','Christian Greenfelder','05572120539','867 Idell Pass Apt. 133','2008-09-14','Itabira','MG'),
('1496808103','Isom Schiller','525-614-4194','90824 Kulas Coves Apt. 296','1998-05-10','Itabira','MG'),
('1497191912','Dr. Leopold Wolf DVM','095.286.6301','094 Reynolds Lane Apt. 068','1986-10-28','Belo Horionte','MG'),
('1497758411','Naomie Rempel','1-481-170-3464x','09437 Linnie Burgs Apt. 832','1983-04-26','Ipatinga','MG'),
('1497930139','Mrs. Marta Langworth IV','141.752.0164x35','4153 Sipes Neck Suite 326','2005-04-15','Joao Monlevade','MG'),
('1498091245','Mafalda Lesch','1-354-239-9501','4097 Metz Fort Apt. 241','1990-04-18',' Santa Barbara','MG'),
('1498511453','Columbus Cummerata IV','+68(9)309730713','7330 Freeman Stravenue Apt. 359','2003-12-20','Joao Monlevade','MG'),
('1498852517','Mr. Darryl Bernier','(917)738-4894','8719 Tina Villages Apt. 137','1992-04-08','Ipatinga','MG'); 




/*!40101 SET SQL_MODE=@OLD_SQL_MODE */;
/*!40014 SET FOREIGN_KEY_CHECKS=@OLD_FOREIGN_KEY_CHECKS */;
/*!40014 SET UNIQUE_CHECKS=@OLD_UNIQUE_CHECKS */;
/*!40101 SET CHARACTER_SET_CLIENT=@OLD_CHARACTER_SET_CLIENT */;
/*!40101 SET CHARACTER_SET_RESULTS=@OLD_CHARACTER_SET_RESULTS */;
/*!40101 SET COLLATION_CONNECTION=@OLD_COLLATION_CONNECTION */;
/*!40111 SET SQL_NOTES=@OLD_SQL_NOTES */;

-- Generation time: Sat, 03 Oct 2020 20:32:07 +0000
-- Host: mysql.hostinger.ro
-- DB name: u574849695_24
/*!40030 SET NAMES UTF8 */;
/*!40101 SET @OLD_CHARACTER_SET_CLIENT=@@CHARACTER_SET_CLIENT */;
/*!40101 SET @OLD_CHARACTER_SET_RESULTS=@@CHARACTER_SET_RESULTS */;
/*!40101 SET @OLD_COLLATION_CONNECTION=@@COLLATION_CONNECTION */;
/*!40103 SET @OLD_TIME_ZONE=@@TIME_ZONE */;
/*!40103 SET TIME_ZONE='+00:00' */;
/*!40014 SET @OLD_UNIQUE_CHECKS=@@UNIQUE_CHECKS, UNIQUE_CHECKS=0 */;
/*!40014 SET @OLD_FOREIGN_KEY_CHECKS=@@FOREIGN_KEY_CHECKS, FOREIGN_KEY_CHECKS=0 */;
/*!40101 SET @OLD_SQL_MODE=@@SQL_MODE, SQL_MODE='NO_AUTO_VALUE_ON_ZERO' */;
/*!40111 SET @OLD_SQL_NOTES=@@SQL_NOTES, SQL_NOTES=0 */;

DROP TABLE IF EXISTS `RESERVA`;
CREATE TABLE `RESERVA` (
  `DataReserva` date NOT NULL,
  `NumeroDiarias` int(11) NOT NULL,
  `ValorDiaria` float NOT NULL,
  `QCodigo` int(11) NOT NULL,
  `HCPF` int(11) NOT NULL,
  PRIMARY KEY (`QCodigo`,`HCPF`),
  KEY `HCPF` (`HCPF`),
  CONSTRAINT `RESERVA_ibfk_1` FOREIGN KEY (`QCodigo`) REFERENCES `QUARTO` (`Codigo`),
  CONSTRAINT `RESERVA_ibfk_2` FOREIGN KEY (`HCPF`) REFERENCES `HOSPEDE` (`CPF`)
) ENGINE=InnoDB DEFAULT CHARSET=utf8 COLLATE=utf8_unicode_ci;

INSERT INTO `RESERVA` VALUES ('2020-06-11','4','180.41','1','1000779173'),
('2020-07-06','1','87.61','1','1016108199'),
('2020-05-28','2','168.47','1','1038856405'),
('2019-11-28','1','67.54','1','1053153176'),
('2020-04-04','1','91.97','1','1077861096'),
('2020-01-06','2','154.34','1','1103970445'),
('2020-06-30','5','71.25','1','1124014438'),
('2020-09-16','3','61.41','1','1143039654'),
('2020-03-13','3','122.18','1','1165339370'),
('2020-03-23','2','64.2','1','1188136954'),
('2020-08-10','2','128.84','1','1213542805'),
('2020-07-14','1','90.99','1','1235771605'),
('2019-11-02','1','81.75','1','1251728940'),
('2020-06-19','3','150.57','1','1274388171'),
('2020-07-02','3','121.23','1','1292471351'),
('2020-02-29','1','144.49','1','1311232844'),
('2020-05-14','3','173.6','1','1329269143'),
('2020-02-13','1','78.63','1','1346462692'),
('2020-07-29','2','150.95','1','1372375502'),
('2019-11-28','3','67.78','1','1385194799'),
('2020-07-25','1','98.25','1','1405562696'),
('2020-05-30','3','147.31','1','1422357472'),
('2020-08-02','2','103.98','1','1440634198'),
('2019-10-21','1','61.51','1','1460148177'),
('2020-07-14','2','170.49','1','1476846395'),
('2020-08-27','4','107.74','2','1001312741'),
('2020-01-13','3','169.8','2','1017126548'),
('2020-03-08','1','162.35','2','1039275905'),
('2019-10-17','1','115.58','2','1054135343'),
('2020-09-20','1','60.04','2','1078183714'),
('2020-01-22','4','118.72','2','1105738324'),
('2020-01-21','1','153.12','2','1125833517'),
('2019-10-30','5','141.79','2','1144803183'),
('2020-07-19','1','108.41','2','1165558621'),
('2020-09-03','1','55.53','2','1193131655'),
('2020-08-20','1','64.94','2','1213558002'),
('2020-09-19','1','193.68','2','1236028658'),
('2020-01-04','2','112.54','2','1253484654'),
('2020-09-09','1','174.9','2','1274548796'),
('2019-12-03','1','196.77','2','1293711814'),
('2020-07-04','3','73.98','2','1311287157'),
('2019-12-09','1','62.84','2','1329629478'),
('2019-12-02','2','147.64','2','1347519567'),
('2019-10-20','2','62.72','2','1375396034'),
('2020-05-05','4','117.99','2','1385796083'),
('2020-06-20','5','154.22','2','1406345781'),
('2020-01-14','4','130.82','2','1423285352'),
('2020-06-14','1','121.91','2','1441131654'),
('2020-05-05','4','66.1','2','1460537923'),
('2020-03-16','3','148.95','2','1477195518'),
('2020-10-01','5','137.16','3','1002655383'),
('2019-10-22','2','69.63','3','1017953158'),
('2020-03-15','2','51.32','3','1039410804'),
('2020-01-20','1','120.2','3','1054273732'),
('2020-02-10','5','112.37','3','1078463305'),
('2020-09-13','1','81.65','3','1106164610'),
('2020-07-01','2','179.18','3','1125921269'),
('2020-09-27','5','83.29','3','1147394251'),
('2020-02-12','4','134.81','3','1166480646'),
('2019-10-31','4','128.67','3','1193497583'),
('2020-01-08','1','95.63','3','1215063486'),
('2020-04-29','2','53.71','3','1236689079'),
('2020-09-29','4','154.81','3','1256274007'),
('2020-01-09','1','168.33','3','1275993232'),
('2019-12-18','3','170.57','3','1294181287'),
('2020-04-14','1','170.88','3','1311585379'),
('2020-07-28','1','192.37','3','1332529811'),
('2019-11-27','1','103.36','3','1347889564'),
('2019-12-10','1','179.77','3','1376554403'),
('2019-12-24','2','109.99','3','1386117840'),
('2020-05-26','3','104.63','3','1406491409'),
('2020-03-23','2','146.69','3','1423650872'),
('2020-08-27','1','178.63','3','1443705449'),
('2020-07-09','1','65.68','3','1460667128'),
('2020-04-03','4','123.8','3','1478485421'),
('2020-02-13','2','140.9','4','1003104581'),
('2020-02-17','3','163.17','4','1018483480'),
('2020-08-15','1','72.98','4','1039653954'),
('2020-09-27','1','118.13','4','1055389823'),
('2020-09-04','4','88.9','4','1078669692'),
('2019-12-31','2','51.87','4','1107608005'),
('2020-04-14','2','139.98','4','1126625367'),
('2020-01-02','2','180.49','4','1148775255'),
('2020-02-22','2','73.73','4','1167932155'),
('2019-12-21','2','101.93','4','1193840238'),
('2020-03-21','1','146.64','4','1215102885'),
('2020-01-18','1','129.24','4','1236876993'),
('2020-07-08','2','79.07','4','1257643212'),
('2019-11-20','1','66.8','4','1276305329'),
('2020-04-11','1','198.17','4','1295177409'),
('2019-11-04','4','83.44','4','1311592263'),
('2020-09-15','2','69.46','4','1333967714'),
('2019-11-28','1','118.07','4','1348449608'),
('2020-09-18','1','55.62','4','1377227031'),
('2020-06-18','1','167.47','4','1387623079'),
('2020-05-09','1','133.26','4','1406980572'),
('2020-01-04','3','71.2','4','1424233499'),
('2019-10-08','1','125.49','4','1445922027'),
('2019-12-17','2','171.2','4','1461626145'),
('2019-11-10','1','170.15','4','1479122720'),
('2020-05-07','2','110.82','5','1004123024'),
('2019-11-28','2','177.53','5','1019284661'),
('2020-04-01','3','124.85','5','1039968460'),
('2020-09-08','1','128.66','5','1059314396'),
('2020-02-23','1','71.44','5','1080800795'),
('2019-10-26','1','100.43','5','1108732957'),
('2020-04-29','1','85.14','5','1126699961'),
('2020-02-25','2','165.92','5','1152589296'),
('2020-03-07','2','184.73','5','1169368569'),
('2019-10-18','3','149.26','5','1194205758'),
('2020-01-03','1','172.51','5','1216284955'),
('2020-03-30','2','136.67','5','1236924600'),
('2019-11-28','3','153.03','5','1257665576'),
('2019-11-06','4','176.58','5','1278309311'),
('2019-11-27','4','170.25','5','1296128287'),
('2019-10-18','1','128.59','5','1312105146'),
('2020-02-06','4','136.67','5','1335757282'),
('2020-03-07','1','68.86','5','1348982511'),
('2020-09-15','2','123.29','5','1377508667'),
('2020-08-01','1','116.95','5','1390282438'),
('2020-08-26','2','140.83','5','1407253091'),
('2019-10-13','1','97.65','5','1425984431'),
('2019-11-26','4','55.61','5','1446192853'),
('2020-05-22','2','126.12','5','1461667796'),
('2020-02-20','2','111.01','5','1481888040'),
('2020-04-22','4','91.98','6','1004301920'),
('2020-04-21','1','158.52','6','1021893836'),
('2020-04-18','1','115.58','6','1041020475'),
('2020-09-30','1','194.75','6','1061023064'),
('2020-01-31','2','182.05','6','1082757695'),
('2020-04-21','2','109.21','6','1108940844'),
('2020-01-07','1','185.15','6','1126795224'),
('2020-08-13','1','171.2','6','1153175015'),
('2020-01-03','1','174.98','6','1171066538'),
('2020-03-30','2','66.91','6','1196065788'),
('2020-05-07','2','161.85','6','1216536997'),
('2020-01-28','1','72.13','6','1237757555'),
('2020-07-19','2','51.94','6','1259217066'),
('2020-05-20','2','84.08','6','1279398768'),
('2020-02-16','2','195.41','6','1296337454'),
('2020-09-15','4','74.55','6','1312308227'),
('2019-10-07','5','100.55','6','1335758653'),
('2019-11-10','2','76.95','6','1350535507'),
('2020-08-01','4','182.18','6','1378186844'),
('2020-04-19','1','64.16','6','1391475993'),
('2020-08-06','2','180.12','6','1411587068'),
('2020-04-24','1','192.85','6','1429087723'),
('2020-08-19','1','91.22','6','1447269930'),
('2020-03-19','4','95.6','6','1463920754'),
('2019-10-28','5','133.89','6','1482176966'),
('2020-01-27','2','91.14','7','1005732530'),
('2020-08-29','1','151.57','7','1023497952'),
('2020-02-22','3','162.11','7','1041691664'),
('2020-08-03','5','85.02','7','1061130511'),
('2020-05-27','1','67.88','7','1084296122'),
('2020-08-16','2','194.37','7','1109133308'),
('2020-09-28','3','67.22','7','1127444228'),
('2020-05-23','2','63.86','7','1153513083'),
('2019-12-11','3','61.76','7','1172659447'),
('2020-07-21','1','190.49','7','1196411087'),
('2020-05-23','4','102.98','7','1218652614'),
('2020-03-25','3','170.8','7','1239683446'),
('2020-03-07','1','56.82','7','1259736929'),
('2020-06-07','3','112.95','7','1279850725'),
('2019-12-15','3','178.7','7','1297160037'),
('2020-06-08','1','77.4','7','1312316163'),
('2020-04-02','3','122.84','7','1335809806'),
('2020-02-01','1','141.56','7','1351672063'),
('2020-05-24','2','78.61','7','1378259492'),
('2020-09-20','5','194.76','7','1392604300'),
('2020-09-14','2','160.33','7','1411964309'),
('2019-11-18','1','86.49','7','1429195285'),
('2020-04-15','3','152.29','7','1447758083'),
('2020-05-06','2','84.58','7','1464053176'),
('2020-01-23','2','181.28','7','1487278696'),
('2020-01-26','1','157.89','8','1007136101'),
('2020-05-03','1','135.31','8','1025143347'),
('2020-06-30','2','155.35','8','1043710212'),
('2020-08-20','1','141.06','8','1061567261'),
('2020-08-05','4','143.35','8','1085140936'),
('2019-10-13','1','66.01','8','1111620919'),
('2020-04-24','1','132.33','8','1128995727'),
('2019-10-07','5','148.46','8','1153538959'),
('2020-06-09','4','178.99','8','1173482508'),
('2020-03-14','1','155.81','8','1199327793'),
('2020-07-29','1','118.82','8','1220921788'),
('2020-05-06','2','69.28','8','1239882103'),
('2020-09-23','2','125.33','8','1259925228'),
('2019-11-23','3','96.55','8','1282183414'),
('2019-12-17','2','80.49','8','1297347333'),
('2020-06-19','2','101.24','8','1313813668'),
('2020-09-06','5','119.2','8','1336102852'),
('2020-04-05','1','178.34','8','1353131168'),
('2019-11-14','1','108.94','8','1380273125'),
('2020-07-22','1','194.21','8','1392885852'),
('2019-12-23','1','51.06','8','1413688061'),
('2020-02-03','1','140.61','8','1430768764'),
('2020-01-07','1','186.59','8','1448149078'),
('2020-04-10','3','193.53','8','1464379472'),
('2020-09-26','3','104.32','8','1488062032'),
('2019-12-18','2','199.49','9','1007224663'),
('2020-08-18','1','104.02','9','1027827832'),
('2020-01-22','1','167.41','9','1046093603'),
('2019-12-28','1','76.27','9','1063040494'),
('2020-04-02','2','128.3','9','1085873993'),
('2019-12-20','5','134.02','9','1112549075'),
('2020-08-29','2','193.98','9','1132286950'),
('2020-05-10','1','162.02','9','1155357258'),
('2020-03-05','3','167.4','9','1173563886'),
('2020-02-07','4','87.85','9','1199746107'),
('2020-08-14','4','137.61','9','1220926742'),
('2020-01-23','3','170.78','9','1241538839'),
('2019-11-12','2','76.4','9','1260922157'),
('2020-08-12','2','143','9','1283068089'),
('2020-03-13','2','173.73','9','1297961372'),
('2020-03-18','1','135.4','9','1313969558'),
('2020-05-02','3','97.7','9','1336895646'),
('2019-12-29','4','190.03','9','1356124003'),
('2020-03-24','4','122.78','9','1380300630'),
('2020-04-11','1','65.23','9','1392943147'),
('2019-11-15','2','145.61','9','1415448814'),
('2020-05-26','2','109.67','9','1431164822'),
('2019-10-20','2','115.49','9','1448798570'),
('2020-08-17','3','126.01','9','1464842631'),
('2020-06-11','4','118.79','9','1490487406'),
('2020-09-09','2','81.01','10','1007335287'),
('2020-06-20','1','67.98','10','1028310499'),
('2020-04-10','3','162.03','10','1046366424'),
('2019-11-07','3','61.01','10','1064090002'),
('2020-01-28','3','151.67','10','1086413088'),
('2020-06-13','1','180.84','10','1114859504'),
('2020-01-07','2','90.29','10','1132300623'),
('2020-08-20','3','125.95','10','1155567047'),
('2020-02-18','5','130.85','10','1175314078'),
('2020-09-22','2','109.19','10','1199807955'),
('2020-01-01','3','84.4','10','1221347663'),
('2020-09-11','5','61.82','10','1242226028'),
('2020-02-20','1','112.5','10','1261385195'),
('2019-10-29','1','167.58','10','1284107866'),
('2020-09-09','1','92.84','10','1298718057'),
('2020-03-28','3','167.57','10','1316242464'),
('2020-09-29','3','81.27','10','1337016194'),
('2020-02-22','1','124.5','10','1356443082'),
('2020-07-15','2','70.7','10','1380620549'),
('2020-03-07','3','187.41','10','1393854688'),
('2020-09-19','3','179.77','10','1415840752'),
('2020-03-05','1','88.34','10','1431756987'),
('2020-02-02','2','116.02','10','1449045199'),
('2020-04-17','4','177.65','10','1467575512'),
('2020-03-18','1','155.54','10','1491210645'),
('2020-05-09','5','124.49','11','1007608003'),
('2020-01-17','4','182.48','11','1028660544'),
('2020-04-13','1','68.19','11','1047021409'),
('2020-06-30','3','183.73','11','1064144593'),
('2019-10-31','1','50.96','11','1088272319'),
('2020-03-31','2','101.52','11','1115360511'),
('2019-12-29','4','163.32','11','1132961748'),
('2019-12-14','1','51.42','11','1156180635'),
('2020-04-07','2','129.26','11','1177808761'),
('2019-10-20','1','182.35','11','1202605976'),
('2019-12-24','4','100.68','11','1224887513'),
('2019-12-31','2','126.94','11','1247012325'),
('2020-01-26','1','115.49','11','1262085730'),
('2020-04-16','1','133.89','11','1284387957'),
('2020-04-25','1','130.01','11','1299023332'),
('2020-06-30','5','144.76','11','1316357997'),
('2020-09-27','2','124.26','11','1338363809'),
('2019-12-31','2','129.17','11','1357105521'),
('2020-06-26','2','114.26','11','1381048387'),
('2019-10-14','1','92.51','11','1394809290'),
('2020-07-16','2','79.18','11','1415955229'),
('2020-03-22','1','70.75','11','1432397877'),
('2019-12-20','3','108.57','11','1449072445'),
('2019-12-03','1','181.06','11','1469118455'),
('2020-09-02','2','123.49','11','1493395992'),
('2020-05-13','2','93.41','12','1009106790'),
('2020-06-24','3','175.22','12','1031180357'),
('2020-04-07','3','166.3','12','1048655754'),
('2020-05-07','4','149.31','12','1064587901'),
('2020-06-03','3','72.07','12','1093415562'),
('2020-01-24','3','166.74','12','1115627627'),
('2019-12-24','1','192.78','12','1133175348'),
('2020-08-13','1','153.27','12','1157317286'),
('2019-12-13','1','81.58','12','1178858959'),
('2019-11-04','1','179.63','12','1203940578'),
('2020-05-29','3','142.3','12','1225441615'),
('2020-04-15','2','183.75','12','1247145231'),
('2019-12-06','1','66.27','12','1262516645'),
('2019-10-28','1','180.27','12','1285809341'),
('2019-11-22','3','184.53','12','1299520125'),
('2020-03-26','1','69.09','12','1318231501'),
('2020-01-04','1','75.28','12','1339874573'),
('2020-07-03','3','184.85','12','1358511990'),
('2019-11-28','2','94.42','12','1381474158'),
('2020-07-11','4','91.83','12','1398181106'),
('2020-06-08','1','112.8','12','1416512591'),
('2020-09-17','1','183.5','12','1433780555'),
('2020-06-10','1','133.46','12','1451215409'),
('2020-09-20','2','159.21','12','1469413798'),
('2020-07-19','1','158.35','12','1494148843'),
('2019-10-13','2','138.17','13','1009295096'),
('2020-02-06','3','183.25','13','1031938300'),
('2020-03-08','3','68.14','13','1048854377'),
('2019-12-19','1','106.08','13','1066659893'),
('2020-02-17','1','144.48','13','1093508397'),
('2020-04-29','4','57.5','13','1118565389'),
('2020-03-03','1','118.84','13','1133320316'),
('2019-11-02','1','126.18','13','1157984924'),
('2020-07-10','3','152.67','13','1180251559'),
('2020-06-22','3','150.05','13','1205194761'),
('2020-02-21','2','77.89','13','1226350574'),
('2020-05-14','1','127.04','13','1247221317'),
('2020-02-12','2','78.87','13','1262826210'),
('2020-04-24','5','191.79','13','1285965944'),
('2019-11-29','3','50.43','13','1299826817'),
('2020-05-17','2','115.66','13','1318424362'),
('2020-02-10','1','156.99','13','1339887438'),
('2020-08-06','1','133.46','13','1362294279'),
('2019-12-18','1','60.64','13','1382042744'),
('2019-12-06','1','178.21','13','1398249006'),
('2020-05-10','2','173.62','13','1417079521'),
('2020-01-14','1','186.61','13','1434618607'),
('2020-09-06','1','59.06','13','1452696301'),
('2020-04-21','1','104','13','1470702457'),
('2020-02-28','2','116.55','13','1495745937'),
('2020-02-24','3','137.22','14','1010074352'),
('2020-04-22','2','181.29','14','1032150516'),
('2019-11-27','1','59.59','14','1049863970'),
('2020-05-12','4','101.87','14','1068838591'),
('2020-03-12','2','150.86','14','1093529465'),
('2019-11-29','3','103.91','14','1118667533'),
('2020-07-28','5','186.22','14','1133500905'),
('2020-04-13','1','185.1','14','1158667344'),
('2020-04-16','3','134.53','14','1181025098'),
('2020-04-27','2','99.96','14','1205987258'),
('2020-09-30','2','185.79','14','1227998199'),
('2020-03-31','1','131.35','14','1247271531'),
('2020-06-15','5','156.48','14','1263425934'),
('2020-03-13','2','120.6','14','1288647881'),
('2019-11-21','2','113.91','14','1301655746'),
('2020-08-04','3','54.7','14','1319817018'),
('2020-03-06','3','84.27','14','1340863718'),
('2020-03-25','4','136.92','14','1364973384'),
('2020-03-21','5','57.87','14','1382300728'),
('2019-12-06','1','100.35','14','1398903391'),
('2020-04-28','1','107.94','14','1417336012'),
('2020-03-28','4','149.77','14','1434786574'),
('2020-04-02','3','82.18','14','1452934199'),
('2019-12-26','3','55.9','14','1471850762'),
('2020-03-23','1','103.98','14','1496808103'),
('2020-08-19','1','83.08','15','1013239147'),
('2020-01-05','3','145.7','15','1032966520'),
('2020-05-25','5','91.78','15','1050047514'),
('2020-03-17','1','168.05','15','1069365229'),
('2020-01-18','4','123.9','15','1096060919'),
('2020-08-17','1','181.27','15','1120293393'),
('2020-01-22','2','127.37','15','1136448075'),
('2020-04-04','3','57.38','15','1158798209'),
('2020-06-30','4','73.19','15','1181792513'),
('2019-11-06','2','190.41','15','1208743767'),
('2020-04-26','1','112.71','15','1229900258'),
('2020-03-23','3','67.68','15','1247275731'),
('2020-05-23','3','66.55','15','1264324784'),
('2020-07-26','1','131.49','15','1288678182'),
('2019-12-26','2','75.28','15','1301886279'),
('2020-02-08','4','68.86','15','1320075687'),
('2020-08-30','1','174.37','15','1342111592'),
('2020-04-09','1','77.83','15','1365327693'),
('2019-10-30','2','116.85','15','1382305483'),
('2019-10-19','4','67.02','15','1399079583'),
('2019-11-08','3','103.07','15','1418288050'),
('2020-04-15','2','71.51','15','1436319417'),
('2019-12-21','2','103.12','15','1453389465'),
('2020-02-01','3','130.28','15','1472540832'),
('2020-03-24','2','108.13','15','1497191912'),
('2020-03-08','5','129.27','16','1013355027'),
('2020-04-07','1','126.09','16','1033410662'),
('2020-07-12','2','138.85','16','1050604143'),
('2020-01-17','1','106.24','16','1070747099'),
('2020-06-13','5','141.56','16','1096518572'),
('2020-06-14','3','163.67','16','1120586246'),
('2020-05-29','3','114.06','16','1136600199'),
('2019-11-24','4','144.64','16','1159355456'),
('2020-01-30','2','150.66','16','1182003424'),
('2019-10-10','3','63.22','16','1210260347'),
('2020-04-11','2','85.9','16','1231027116'),
('2020-07-18','1','152.82','16','1247525414'),
('2020-05-01','1','106.24','16','1268986623'),
('2020-07-21','3','117.81','16','1288716513'),
('2020-06-28','3','195.43','16','1303601307'),
('2019-10-31','4','77.83','16','1320310385'),
('2020-09-24','1','140.36','16','1343000588'),
('2020-01-26','3','76.8','16','1365562693'),
('2020-06-03','2','67.16','16','1382363402'),
('2020-05-14','4','90.89','16','1399649544'),
('2020-04-13','2','180.9','16','1418342120'),
('2020-09-11','2','96.46','16','1437603869'),
('2020-02-13','1','81.97','16','1455626761'),
('2019-11-15','5','116.51','16','1472898882'),
('2020-04-26','5','162.78','16','1497758411'),
('2019-12-03','1','197.19','17','1013907072'),
('2020-02-05','3','195.46','17','1036287543'),
('2020-09-12','2','163.42','17','1051608062'),
('2019-11-01','1','197.55','17','1071878680'),
('2019-10-30','2','93.41','17','1097551312'),
('2020-09-07','2','145.94','17','1121254164'),
('2020-05-30','2','148.36','17','1139495907'),
('2020-01-22','3','67.33','17','1161253806'),
('2020-03-07','4','132.43','17','1183032220'),
('2019-12-13','4','188.95','17','1210591482'),
('2020-07-18','2','172.43','17','1233466502'),
('2019-10-29','4','64.03','17','1247772598'),
('2020-08-21','1','113.59','17','1272117407'),
('2019-11-10','4','57.22','17','1289123979'),
('2020-07-25','3','191.15','17','1305505602'),
('2020-06-29','1','165.77','17','1321790521'),
('2020-07-06','2','170.51','17','1343888786'),
('2019-12-17','2','193.42','17','1367877124'),
('2019-10-08','2','110.12','17','1382802814'),
('2019-12-22','4','81.42','17','1399729301'),
('2020-09-12','2','53.69','17','1419321597'),
('2020-08-07','1','173.35','17','1438546918'),
('2020-03-18','3','160.24','17','1456806403'),
('2019-11-17','2','136.19','17','1472971704'),
('2020-07-06','2','189.42','17','1497930139'),
('2020-01-27','3','180.39','18','1014015388'),
('2020-08-15','2','177.38','18','1036688341'),
('2020-02-20','4','80.45','18','1052403505'),
('2019-10-13','2','82.58','18','1072131558'),
('2019-12-11','1','93.85','18','1099173976'),
('2020-03-20','1','94.79','18','1121436642'),
('2020-10-03','3','95.05','18','1140513925'),
('2019-10-29','1','116.62','18','1162641722'),
('2020-08-15','5','197.89','18','1186015268'),
('2020-05-14','1','117.28','18','1211126604'),
('2019-12-22','2','128.2','18','1233467713'),
('2019-10-22','2','123.05','18','1249753061'),
('2019-10-05','4','80.77','18','1273356476'),
('2019-10-26','4','64.11','18','1289705584'),
('2019-11-13','2','176.91','18','1307094803'),
('2020-06-21','1','172.98','18','1324857337'),
('2020-05-07','1','132.63','18','1345375710'),
('2020-06-28','1','187.4','18','1368707951'),
('2019-12-18','1','143.49','18','1383438595'),
('2020-09-27','4','181.96','18','1400297904'),
('2020-05-17','1','87.66','18','1421038254'),
('2019-11-01','1','152.14','18','1438631370'),
('2019-12-03','3','101.49','18','1457561874'),
('2020-05-08','5','70.31','18','1473756947'),
('2020-07-12','2','112.84','18','1498091245'),
('2020-09-30','1','195.71','19','1014335474'),
('2020-08-13','3','138.3','19','1037558084'),
('2020-10-02','2','155.92','19','1052932536'),
('2019-12-22','5','134.53','19','1073945744'),
('2020-04-25','1','151.79','19','1102230588'),
('2020-04-10','5','73.23','19','1121476410'),
('2020-03-02','1','87.59','19','1140897364'),
('2020-03-08','3','95.18','19','1163422772'),
('2019-12-03','2','118.12','19','1186563777'),
('2020-07-24','2','66.82','19','1211545295'),
('2020-02-24','1','184.78','19','1234578563'),
('2020-05-04','1','171.44','19','1251317145'),
('2019-11-13','2','196.28','19','1273604050'),
('2020-02-24','1','169.16','19','1290372857'),
('2020-08-26','2','187.98','19','1307622620'),
('2020-07-26','4','154.21','19','1325045488'),
('2020-02-25','3','156.11','19','1345867066'),
('2020-09-28','1','133.64','19','1370471263'),
('2020-02-16','3','170.37','19','1384767083'),
('2019-10-23','3','189.48','19','1404401661'),
('2020-06-02','2','78.94','19','1421341476'),
('2020-03-04','2','171.96','19','1438698514'),
('2020-08-02','3','186.71','19','1459239238'),
('2020-06-20','1','85.25','19','1474201495'),
('2020-07-06','3','106.76','19','1498511453'),
('2020-08-05','1','161.57','20','1015086612'),
('2019-12-28','2','66.55','20','1038739731'),
('2019-12-18','2','88.76','20','1052986392'),
('2020-09-18','1','101.82','20','1075083173'),
('2020-04-14','3','115.51','20','1103035670'),
('2020-04-22','4','195.98','20','1123224480'),
('2020-06-27','1','83.04','20','1142885964'),
('2020-02-13','3','108.48','20','1164078869'),
('2020-07-07','1','114.6','20','1187751420'),
('2020-02-07','4','62.38','20','1213184003'),
('2019-12-23','1','147.33','20','1234914208'),
('2020-05-28','3','63','20','1251625870'),
('2020-06-11','3','190.41','20','1273660943'),
('2019-11-14','1','187.82','20','1292402312'),
('2020-05-23','1','191.23','20','1310032835'),
('2019-10-15','2','78.01','20','1327505923'),
('2020-03-19','2','77.71','20','1346281620'),
('2020-07-25','3','190.91','20','1370557530'),
('2020-09-08','1','106.06','20','1384824936'),
('2019-12-09','1','66.99','20','1405341257'),
('2019-11-18','4','176.25','20','1422186141'),
('2020-07-29','1','176.94','20','1439801447'),
('2019-11-02','2','167.58','20','1459427214'),
('2019-10-20','1','96.28','20','1476562510'),
('2020-07-27','3','170.94','20','1498852517'); 




/*!40101 SET SQL_MODE=@OLD_SQL_MODE */;
/*!40014 SET FOREIGN_KEY_CHECKS=@OLD_FOREIGN_KEY_CHECKS */;
/*!40014 SET UNIQUE_CHECKS=@OLD_UNIQUE_CHECKS */;
/*!40101 SET CHARACTER_SET_CLIENT=@OLD_CHARACTER_SET_CLIENT */;
/*!40101 SET CHARACTER_SET_RESULTS=@OLD_CHARACTER_SET_RESULTS */;
/*!40101 SET COLLATION_CONNECTION=@OLD_COLLATION_CONNECTION */;
/*!40111 SET SQL_NOTES=@OLD_SQL_NOTES */;

-- Generation time: Sat, 03 Oct 2020 20:33:40 +0000
-- Host: mysql.hostinger.ro
-- DB name: u574849695_24
/*!40030 SET NAMES UTF8 */;
/*!40101 SET @OLD_CHARACTER_SET_CLIENT=@@CHARACTER_SET_CLIENT */;
/*!40101 SET @OLD_CHARACTER_SET_RESULTS=@@CHARACTER_SET_RESULTS */;
/*!40101 SET @OLD_COLLATION_CONNECTION=@@COLLATION_CONNECTION */;
/*!40103 SET @OLD_TIME_ZONE=@@TIME_ZONE */;
/*!40103 SET TIME_ZONE='+00:00' */;
/*!40014 SET @OLD_UNIQUE_CHECKS=@@UNIQUE_CHECKS, UNIQUE_CHECKS=0 */;
/*!40014 SET @OLD_FOREIGN_KEY_CHECKS=@@FOREIGN_KEY_CHECKS, FOREIGN_KEY_CHECKS=0 */;
/*!40101 SET @OLD_SQL_MODE=@@SQL_MODE, SQL_MODE='NO_AUTO_VALUE_ON_ZERO' */;
/*!40111 SET @OLD_SQL_NOTES=@@SQL_NOTES, SQL_NOTES=0 */;

DROP TABLE IF EXISTS `CONSUME`;
CREATE TABLE `CONSUME` (
  `Data` date NOT NULL,
  `Quantidade` float NOT NULL,
  `HCPF` int(11) NOT NULL,
  `PCodigo` int(11) NOT NULL,
  PRIMARY KEY (`HCPF`,`PCodigo`),
  KEY `PCodigo` (`PCodigo`),
  CONSTRAINT `CONSUME_ibfk_1` FOREIGN KEY (`HCPF`) REFERENCES `HOSPEDE` (`CPF`),
  CONSTRAINT `CONSUME_ibfk_2` FOREIGN KEY (`PCodigo`) REFERENCES `PRODUTO` (`Codigo`)
) ENGINE=InnoDB DEFAULT CHARSET=utf8 COLLATE=utf8_unicode_ci;

INSERT INTO `CONSUME` VALUES ('2020-04-29','2','1000779173','1'),
('2020-03-13','2','1001312741','2'),
('2019-12-21','2','1002655383','3'),
('2019-10-18','3','1003104581','4'),
('2020-02-20','3','1004123024','5'),
('2020-01-13','1','1004301920','6'),
('2020-04-28','1','1005732530','7'),
('2020-08-02','1','1007136101','8'),
('2020-06-10','1','1007224663','9'),
('2020-03-17','3','1007335287','10'),
('2020-07-04','3','1007608003','11'),
('2020-08-07','1','1009106790','12'),
('2020-09-09','1','1009295096','13'),
('2020-07-06','3','1010074352','14'),
('2019-11-24','2','1013239147','15'),
('2020-02-09','1','1013355027','16'),
('2020-09-28','2','1013907072','17'),
('2020-04-18','1','1014015388','18'),
('2020-01-11','3','1014335474','19'),
('2020-09-03','3','1015086612','20'),
('2020-01-20','2','1016108199','21'),
('2020-02-03','3','1017126548','22'),
('2020-05-21','1','1017953158','23'),
('2020-01-14','2','1018483480','24'),
('2020-02-24','1','1019284661','25'),
('2019-11-17','1','1021893836','26'),
('2020-07-06','1','1023497952','27'),
('2020-03-16','2','1025143347','28'),
('2020-07-27','1','1027827832','29'),
('2019-11-30','2','1028310499','30'),
('2020-05-18','3','1028660544','31'),
('2020-04-29','1','1031180357','32'),
('2019-10-16','2','1031938300','33'),
('2020-06-12','1','1032150516','34'),
('2020-07-26','2','1032966520','35'),
('2020-08-06','2','1033410662','36'),
('2020-10-02','3','1036287543','37'),
('2020-04-05','3','1036688341','38'),
('2020-09-02','2','1037558084','39'),
('2020-02-29','2','1038739731','40'),
('2020-09-29','3','1038856405','41'),
('2020-05-31','1','1039275905','42'),
('2020-03-19','3','1039410804','43'),
('2019-10-21','1','1039653954','44'),
('2020-05-21','2','1039968460','45'),
('2020-04-19','3','1041020475','46'),
('2020-06-22','1','1041691664','47'),
('2020-03-02','2','1043710212','48'),
('2020-06-13','2','1046093603','49'),
('2020-08-14','1','1046366424','50'),
('2020-08-03','2','1047021409','51'),
('2019-11-28','3','1048655754','52'),
('2019-10-12','2','1048854377','53'),
('2020-06-17','1','1049863970','54'),
('2020-04-27','3','1050047514','55'),
('2019-10-11','2','1050604143','56'),
('2020-09-19','1','1051608062','57'),
('2019-10-22','1','1052403505','58'),
('2020-02-22','3','1052932536','59'),
('2019-12-11','3','1052986392','60'),
('2020-02-06','2','1053153176','61'),
('2019-10-16','2','1054135343','62'),
('2020-04-06','3','1054273732','63'),
('2019-12-30','2','1055389823','64'),
('2020-05-04','1','1059314396','65'),
('2020-08-29','1','1061023064','66'),
('2019-12-11','1','1061130511','67'),
('2020-08-24','2','1061567261','68'),
('2020-05-02','1','1063040494','69'),
('2020-04-03','3','1064090002','70'),
('2020-01-21','1','1064144593','71'),
('2020-01-27','3','1064587901','72'),
('2020-07-13','2','1066659893','73'),
('2020-06-07','3','1068838591','74'),
('2020-05-20','1','1069365229','75'),
('2020-08-28','3','1070747099','76'),
('2019-11-17','1','1071878680','77'),
('2019-10-15','1','1072131558','78'),
('2019-12-25','2','1073945744','79'),
('2020-08-28','1','1075083173','80'),
('2020-03-03','2','1077861096','81'),
('2020-09-24','2','1078183714','82'),
('2020-06-08','2','1078463305','83'),
('2020-06-07','2','1078669692','84'),
('2020-04-10','1','1080800795','85'),
('2020-04-03','3','1082757695','86'),
('2020-08-07','3','1084296122','87'),
('2020-04-11','3','1085140936','88'),
('2019-10-26','1','1085873993','89'),
('2020-03-30','3','1086413088','90'),
('2019-12-17','2','1088272319','91'),
('2020-04-15','3','1093415562','92'),
('2019-12-17','3','1093508397','93'),
('2020-05-26','2','1093529465','94'),
('2020-01-20','3','1096060919','95'),
('2020-01-04','2','1096518572','96'),
('2020-02-21','3','1097551312','97'),
('2020-05-24','2','1099173976','98'),
('2019-10-13','1','1102230588','99'),
('2020-04-30','3','1103035670','100'),
('2019-12-18','3','1103970445','1'),
('2020-09-29','1','1105738324','2'),
('2020-01-18','3','1106164610','3'),
('2019-12-19','3','1107608005','4'),
('2020-07-05','1','1108732957','5'),
('2020-05-04','3','1108940844','6'),
('2020-07-18','1','1109133308','7'),
('2020-03-07','1','1111620919','8'),
('2020-02-25','2','1112549075','9'),
('2020-02-21','3','1114859504','10'),
('2019-12-14','1','1115360511','11'),
('2020-09-10','3','1115627627','12'),
('2020-03-26','1','1118565389','13'),
('2020-03-16','1','1118667533','14'),
('2019-10-05','3','1120293393','15'),
('2019-12-16','2','1120586246','16'),
('2019-11-16','2','1121254164','17'),
('2019-11-05','2','1121436642','18'),
('2019-12-15','3','1121476410','19'),
('2020-07-27','1','1123224480','20'),
('2020-02-21','3','1124014438','21'),
('2020-07-12','1','1125833517','22'),
('2020-04-09','3','1125921269','23'),
('2020-07-10','1','1126625367','24'),
('2020-01-15','1','1126699961','25'),
('2020-05-29','1','1126795224','26'),
('2020-03-02','3','1127444228','27'),
('2020-06-28','1','1128995727','28'),
('2020-01-02','3','1132286950','29'),
('2019-11-19','2','1132300623','30'),
('2019-12-26','2','1132961748','31'),
('2019-11-02','1','1133175348','32'),
('2020-08-22','3','1133320316','33'),
('2020-09-23','3','1133500905','34'),
('2020-05-04','2','1136448075','35'),
('2020-07-01','1','1136600199','36'),
('2020-05-28','1','1139495907','37'),
('2020-05-23','3','1140513925','38'),
('2020-07-24','3','1140897364','39'),
('2019-12-24','1','1142885964','40'),
('2020-01-15','3','1143039654','41'),
('2019-12-14','2','1144803183','42'),
('2020-02-13','2','1147394251','43'),
('2019-11-27','1','1148775255','44'),
('2020-03-21','3','1152589296','45'),
('2019-12-16','2','1153175015','46'),
('2020-07-06','1','1153513083','47'),
('2019-11-26','3','1153538959','48'),
('2020-02-08','3','1155357258','49'),
('2019-10-21','2','1155567047','50'),
('2019-12-10','3','1156180635','51'),
('2020-01-03','2','1157317286','52'),
('2020-06-04','2','1157984924','53'),
('2020-05-17','3','1158667344','54'),
('2019-11-25','2','1158798209','55'),
('2020-05-29','3','1159355456','56'),
('2020-08-08','2','1161253806','57'),
('2019-11-25','1','1162641722','58'),
('2019-12-19','2','1163422772','59'),
('2020-01-09','1','1164078869','60'),
('2020-09-02','3','1165339370','61'),
('2020-09-22','1','1165558621','62'),
('2020-04-17','3','1166480646','63'),
('2020-03-21','1','1167932155','64'),
('2020-03-13','2','1169368569','65'),
('2020-02-01','3','1171066538','66'),
('2019-10-30','2','1172659447','67'),
('2020-01-02','2','1173482508','68'),
('2019-12-14','1','1173563886','69'),
('2020-05-11','1','1175314078','70'),
('2019-11-20','1','1177808761','71'),
('2020-06-13','2','1178858959','72'),
('2020-05-16','1','1180251559','73'),
('2020-01-07','3','1181025098','74'),
('2020-06-02','1','1181792513','75'),
('2019-11-08','2','1182003424','76'),
('2020-04-04','2','1183032220','77'),
('2019-10-07','2','1186015268','78'),
('2020-08-09','3','1186563777','79'),
('2019-11-18','2','1187751420','80'),
('2019-11-23','2','1188136954','81'),
('2020-05-14','2','1193131655','82'),
('2019-10-19','3','1193497583','83'),
('2020-02-16','1','1193840238','84'),
('2020-05-22','3','1194205758','85'),
('2020-07-03','2','1196065788','86'),
('2020-01-02','1','1196411087','87'),
('2020-08-06','2','1199327793','88'),
('2020-04-10','3','1199746107','89'),
('2020-08-19','2','1199807955','90'),
('2020-01-09','2','1202605976','91'),
('2020-08-17','1','1203940578','92'),
('2019-12-02','1','1205194761','93'),
('2019-11-18','1','1205987258','94'),
('2019-11-11','2','1208743767','95'),
('2020-07-17','1','1210260347','96'),
('2020-04-03','3','1210591482','97'),
('2019-12-02','3','1211126604','98'),
('2019-11-21','2','1211545295','99'),
('2020-04-11','2','1213184003','100'),
('2020-06-14','1','1213542805','1'),
('2020-02-25','3','1213558002','2'),
('2019-12-06','1','1215063486','3'),
('2020-05-28','1','1215102885','4'),
('2020-01-20','2','1216284955','5'),
('2020-03-06','1','1216536997','6'),
('2020-07-16','3','1218652614','7'),
('2020-02-05','3','1220921788','8'),
('2020-05-09','1','1220926742','9'),
('2020-07-05','3','1221347663','10'),
('2020-02-17','3','1224887513','11'),
('2020-09-23','2','1225441615','12'),
('2019-11-23','2','1226350574','13'),
('2020-03-17','1','1227998199','14'),
('2020-10-01','3','1229900258','15'),
('2020-09-18','2','1231027116','16'),
('2019-11-11','1','1233466502','17'),
('2020-08-15','2','1233467713','18'),
('2020-04-01','2','1234578563','19'),
('2019-11-13','1','1234914208','20'),
('2020-03-11','1','1235771605','21'),
('2020-09-07','3','1236028658','22'),
('2020-03-25','3','1236689079','23'),
('2020-04-23','3','1236876993','24'),
('2020-06-30','1','1236924600','25'),
('2019-12-26','2','1237757555','26'),
('2020-10-03','1','1239683446','27'),
('2019-11-30','2','1239882103','28'),
('2020-07-26','3','1241538839','29'),
('2020-04-14','1','1242226028','30'),
('2019-10-25','1','1247012325','31'),
('2020-01-11','1','1247145231','32'),
('2019-11-04','2','1247221317','33'),
('2019-11-11','3','1247271531','34'),
('2020-08-06','1','1247275731','35'),
('2020-03-06','2','1247525414','36'),
('2019-11-19','2','1247772598','37'),
('2019-12-02','1','1249753061','38'),
('2020-07-19','2','1251317145','39'),
('2020-10-03','3','1251625870','40'),
('2020-05-31','2','1251728940','41'),
('2020-06-15','1','1253484654','42'),
('2020-03-09','1','1256274007','43'),
('2020-05-21','1','1257643212','44'),
('2020-02-24','1','1257665576','45'),
('2020-03-14','3','1259217066','46'),
('2020-06-25','3','1259736929','47'),
('2020-03-19','3','1259925228','48'),
('2020-01-26','2','1260922157','49'),
('2020-01-17','3','1261385195','50'),
('2019-10-17','1','1262085730','51'),
('2020-09-05','1','1262516645','52'),
('2019-12-13','3','1262826210','53'),
('2020-04-29','1','1263425934','54'),
('2019-12-14','1','1264324784','55'),
('2020-06-11','1','1268986623','56'),
('2020-06-15','2','1272117407','57'),
('2020-09-10','1','1273356476','58'),
('2019-11-17','1','1273604050','59'),
('2020-05-05','2','1273660943','60'),
('2020-02-23','1','1274388171','61'),
('2020-08-25','2','1274548796','62'),
('2019-10-16','2','1275993232','63'),
('2020-08-15','1','1276305329','64'),
('2020-07-21','1','1278309311','65'),
('2020-06-30','1','1279398768','66'),
('2020-01-24','1','1279850725','67'),
('2020-05-26','3','1282183414','68'),
('2020-09-25','3','1283068089','69'),
('2020-03-25','1','1284107866','70'),
('2020-06-03','1','1284387957','71'),
('2020-01-04','2','1285809341','72'),
('2019-11-22','2','1285965944','73'),
('2020-02-25','2','1288647881','74'),
('2020-01-25','1','1288678182','75'),
('2020-09-16','3','1288716513','76'),
('2020-04-22','2','1289123979','77'),
('2020-06-11','1','1289705584','78'),
('2020-05-19','1','1290372857','79'),
('2020-08-24','1','1292402312','80'),
('2020-06-29','3','1292471351','81'),
('2019-12-18','3','1293711814','82'),
('2020-06-28','1','1294181287','83'),
('2020-09-02','1','1295177409','84'),
('2020-08-11','1','1296128287','85'),
('2019-11-11','1','1296337454','86'),
('2020-04-27','1','1297160037','87'),
('2019-10-11','3','1297347333','88'),
('2019-10-29','3','1297961372','89'),
('2020-01-21','3','1298718057','90'),
('2019-10-30','2','1299023332','91'),
('2020-01-12','3','1299520125','92'),
('2020-09-17','3','1299826817','93'),
('2019-11-03','1','1301655746','94'),
('2020-04-19','3','1301886279','95'),
('2019-11-22','3','1303601307','96'),
('2019-12-30','2','1305505602','97'),
('2020-09-05','1','1307094803','98'),
('2020-02-11','3','1307622620','99'),
('2020-01-29','3','1310032835','100'),
('2020-01-14','3','1311232844','1'),
('2019-12-20','3','1311287157','2'),
('2019-10-30','1','1311585379','3'),
('2019-11-04','3','1311592263','4'),
('2020-07-09','1','1312105146','5'),
('2020-03-10','2','1312308227','6'),
('2019-11-25','3','1312316163','7'),
('2020-06-13','1','1313813668','8'),
('2020-07-04','2','1313969558','9'),
('2020-03-26','1','1316242464','10'),
('2020-05-09','3','1316357997','11'),
('2019-11-16','1','1318231501','12'),
('2019-12-11','3','1318424362','13'),
('2020-02-04','3','1319817018','14'),
('2019-12-22','3','1320075687','15'),
('2020-05-04','3','1320310385','16'),
('2020-04-03','1','1321790521','17'),
('2020-02-07','3','1324857337','18'),
('2019-12-08','3','1325045488','19'),
('2020-07-03','3','1327505923','20'),
('2020-08-01','3','1329269143','21'),
('2020-09-13','3','1329629478','22'),
('2020-09-07','3','1332529811','23'),
('2020-09-06','3','1333967714','24'),
('2020-07-09','2','1335757282','25'),
('2020-09-15','1','1335758653','26'),
('2020-04-13','3','1335809806','27'),
('2020-07-05','1','1336102852','28'),
('2020-09-17','3','1336895646','29'),
('2019-11-25','3','1337016194','30'),
('2020-07-09','1','1338363809','31'),
('2020-07-12','1','1339874573','32'),
('2019-12-26','1','1339887438','33'),
('2020-08-28','3','1340863718','34'),
('2020-09-18','1','1342111592','35'),
('2019-10-14','3','1343000588','36'),
('2019-11-20','2','1343888786','37'),
('2020-04-17','2','1345375710','38'),
('2019-10-17','1','1345867066','39'),
('2019-11-08','3','1346281620','40'),
('2020-06-23','2','1346462692','41'),
('2020-09-20','2','1347519567','42'),
('2020-06-15','1','1347889564','43'),
('2020-07-08','2','1348449608','44'),
('2020-02-09','1','1348982511','45'),
('2020-05-16','2','1350535507','46'),
('2020-04-16','1','1351672063','47'),
('2020-05-13','2','1353131168','48'),
('2019-12-10','2','1356124003','49'),
('2020-06-05','3','1356443082','50'),
('2020-04-18','3','1357105521','51'),
('2020-04-04','1','1358511990','52'),
('2020-07-20','3','1362294279','53'),
('2020-05-05','1','1364973384','54'),
('2020-08-16','2','1365327693','55'),
('2020-06-02','2','1365562693','56'),
('2019-10-29','3','1367877124','57'),
('2020-02-02','1','1368707951','58'),
('2020-08-15','3','1370471263','59'),
('2020-01-12','2','1370557530','60'),
('2020-03-13','1','1372375502','61'),
('2020-06-14','3','1375396034','62'),
('2020-01-29','3','1376554403','63'),
('2020-07-25','1','1377227031','64'),
('2020-06-04','3','1377508667','65'),
('2020-02-02','3','1378186844','66'),
('2020-01-27','3','1378259492','67'),
('2020-05-09','2','1380273125','68'),
('2020-07-29','2','1380300630','69'),
('2019-12-22','3','1380620549','70'),
('2020-05-19','2','1381048387','71'),
('2019-12-09','3','1381474158','72'),
('2020-01-17','1','1382042744','73'),
('2020-07-28','1','1382300728','74'),
('2020-06-02','1','1382305483','75'),
('2020-09-18','1','1382363402','76'),
('2019-10-13','1','1382802814','77'),
('2020-07-08','2','1383438595','78'),
('2019-12-07','2','1384767083','79'),
('2019-12-31','2','1384824936','80'),
('2020-05-28','2','1385194799','81'),
('2019-10-17','3','1385796083','82'),
('2020-03-12','2','1386117840','83'),
('2020-09-04','2','1387623079','84'),
('2020-07-06','1','1390282438','85'),
('2019-11-12','2','1391475993','86'),
('2020-07-27','2','1392604300','87'),
('2020-03-04','1','1392885852','88'),
('2019-12-25','3','1392943147','89'),
('2020-08-08','3','1393854688','90'),
('2020-03-17','1','1394809290','91'),
('2020-04-29','2','1398181106','92'),
('2020-09-27','3','1398249006','93'),
('2020-07-05','2','1398903391','94'),
('2020-01-30','3','1399079583','95'),
('2019-11-16','2','1399649544','96'),
('2020-09-09','2','1399729301','97'),
('2020-02-04','1','1400297904','98'),
('2020-01-31','3','1404401661','99'),
('2020-08-21','1','1405341257','100'),
('2020-07-31','2','1405562696','1'),
('2020-08-21','2','1406345781','2'),
('2020-01-10','2','1406491409','3'),
('2020-06-30','2','1406980572','4'),
('2020-08-28','3','1407253091','5'),
('2019-12-26','3','1411587068','6'),
('2019-12-05','3','1411964309','7'),
('2020-09-06','2','1413688061','8'),
('2020-03-02','1','1415448814','9'),
('2020-01-18','3','1415840752','10'),
('2020-07-11','2','1415955229','11'),
('2019-11-20','1','1416512591','12'),
('2020-05-11','1','1417079521','13'),
('2020-02-11','3','1417336012','14'),
('2020-03-29','1','1418288050','15'),
('2020-05-23','2','1418342120','16'),
('2020-03-07','1','1419321597','17'),
('2019-12-01','3','1421038254','18'),
('2020-04-19','1','1421341476','19'),
('2020-09-24','1','1422186141','20'),
('2020-05-30','1','1422357472','21'),
('2020-01-11','2','1423285352','22'),
('2020-04-19','2','1423650872','23'),
('2020-05-11','2','1424233499','24'),
('2020-04-12','1','1425984431','25'),
('2020-09-29','3','1429087723','26'),
('2020-09-13','3','1429195285','27'),
('2020-09-20','3','1430768764','28'),
('2020-04-18','2','1431164822','29'),
('2020-08-21','2','1431756987','30'),
('2020-02-06','1','1432397877','31'),
('2019-11-21','1','1433780555','32'),
('2020-06-10','2','1434618607','33'),
('2020-08-04','2','1434786574','34'),
('2020-10-01','3','1436319417','35'),
('2020-08-01','3','1437603869','36'),
('2020-04-06','2','1438546918','37'),
('2019-12-23','1','1438631370','38'),
('2020-05-28','1','1438698514','39'),
('2020-06-25','1','1439801447','40'),
('2020-09-14','1','1440634198','41'),
('2020-05-12','3','1441131654','42'),
('2020-02-01','2','1443705449','43'),
('2020-05-29','1','1445922027','44'),
('2020-05-12','1','1446192853','45'),
('2019-12-22','2','1447269930','46'),
('2019-12-22','3','1447758083','47'),
('2019-11-23','1','1448149078','48'),
('2019-10-20','2','1448798570','49'),
('2020-08-20','3','1449045199','50'),
('2020-05-06','2','1449072445','51'),
('2020-04-22','3','1451215409','52'),
('2020-05-10','2','1452696301','53'),
('2020-01-19','3','1452934199','54'),
('2020-01-09','2','1453389465','55'),
('2020-01-25','3','1455626761','56'),
('2019-12-05','1','1456806403','57'),
('2020-07-03','1','1457561874','58'),
('2020-03-17','1','1459239238','59'),
('2020-06-12','2','1459427214','60'),
('2020-07-07','2','1460148177','61'),
('2019-10-28','1','1460537923','62'),
('2020-04-18','2','1460667128','63'),
('2020-04-15','2','1461626145','64'),
('2020-05-11','2','1461667796','65'),
('2020-06-20','3','1463920754','66'),
('2020-01-08','3','1464053176','67'),
('2020-03-30','2','1464379472','68'),
('2020-03-05','3','1464842631','69'),
('2020-07-20','1','1467575512','70'),
('2020-07-12','3','1469118455','71'),
('2020-03-09','2','1469413798','72'),
('2020-02-09','3','1470702457','73'),
('2020-08-13','3','1471850762','74'),
('2020-06-13','2','1472540832','75'),
('2020-08-06','3','1472898882','76'),
('2020-01-25','3','1472971704','77'),
('2020-06-24','3','1473756947','78'),
('2020-05-07','1','1474201495','79'),
('2020-05-12','1','1476562510','80'),
('2020-05-06','3','1476846395','81'),
('2020-01-15','2','1477195518','82'),
('2020-02-02','2','1478485421','83'),
('2019-11-12','3','1479122720','84'),
('2019-10-19','3','1481888040','85'),
('2020-04-10','1','1482176966','86'),
('2020-02-09','3','1487278696','87'),
('2020-03-04','2','1488062032','88'),
('2020-07-10','2','1490487406','89'),
('2019-11-01','2','1491210645','90'),
('2019-11-27','3','1493395992','91'),
('2020-04-18','2','1494148843','92'),
('2020-08-24','1','1495745937','93'),
('2020-02-09','2','1496808103','94'),
('2020-04-03','1','1497191912','95'),
('2020-08-03','1','1497758411','96'),
('2019-10-07','3','1497930139','97'),
('2019-10-04','2','1498091245','98'),
('2020-06-23','2','1498511453','99'),
('2020-04-03','2','1498852517','100'); 




/*!40101 SET SQL_MODE=@OLD_SQL_MODE */;
/*!40014 SET FOREIGN_KEY_CHECKS=@OLD_FOREIGN_KEY_CHECKS */;
/*!40014 SET UNIQUE_CHECKS=@OLD_UNIQUE_CHECKS */;
/*!40101 SET CHARACTER_SET_CLIENT=@OLD_CHARACTER_SET_CLIENT */;
/*!40101 SET CHARACTER_SET_RESULTS=@OLD_CHARACTER_SET_RESULTS */;
/*!40101 SET COLLATION_CONNECTION=@OLD_COLLATION_CONNECTION */;
/*!40111 SET SQL_NOTES=@OLD_SQL_NOTES */;

